side,level,study,paradigm,speaker,time,mean,median,lower,upper
perceiver,study,New Mothers,Standard stimulus,Interactant,0.0,0.2398,0.1906,0.161,0.3538
perceiver,study,New Mothers,Standard stimulus,Interactant,0.0204,0.2061,0.1743,0.1613,0.2777
perceiver,study,New Mothers,Standard stimulus,Interactant,0.0408,0.1763,0.1686,0.1569,0.212
perceiver,study,New Mothers,Standard stimulus,Interactant,0.0612,0.1535,0.1631,0.1163,0.172
perceiver,study,New Mothers,Standard stimulus,Interactant,0.0816,0.1392,0.1612,0.0883,0.1701
perceiver,study,New Mothers,Standard stimulus,Interactant,0.102,0.1332,0.1604,0.0753,0.1703
perceiver,study,New Mothers,Standard stimulus,Interactant,0.1224,0.134,0.1614,0.0749,0.171
perceiver,study,New Mothers,Standard stimulus,Interactant,0.1429,0.1392,0.1628,0.0842,0.1716
perceiver,study,New Mothers,Standard stimulus,Interactant,0.1633,0.1462,0.1643,0.0975,0.1725
perceiver,study,New Mothers,Standard stimulus,Interactant,0.1837,0.1529,0.166,0.1103,0.1739
perceiver,study,New Mothers,Standard stimulus,Interactant,0.2041,0.1576,0.167,0.1194,0.1756
perceiver,study,New Mothers,Standard stimulus,Interactant,0.2245,0.1601,0.1676,0.1243,0.1768
perceiver,study,New Mothers,Standard stimulus,Interactant,0.2449,0.1607,0.1677,0.1269,0.1771
perceiver,study,New Mothers,Standard stimulus,Interactant,0.2653,0.1606,0.1675,0.1279,0.1768
perceiver,study,New Mothers,Standard stimulus,Interactant,0.2857,0.1611,0.1675,0.1294,0.1774
perceiver,study,New Mothers,Standard stimulus,Interactant,0.3061,0.1632,0.1678,0.1343,0.1794
perceiver,study,New Mothers,Standard stimulus,Interactant,0.3265,0.1677,0.1687,0.1436,0.1892
perceiver,study,New Mothers,Standard stimulus,Interactant,0.3469,0.1743,0.1704,0.1579,0.2025
perceiver,study,New Mothers,Standard stimulus,Interactant,0.3673,0.1823,0.172,0.163,0.218
perceiver,study,New Mothers,Standard stimulus,Interactant,0.3878,0.1901,0.1731,0.165,0.2336
perceiver,study,New Mothers,Standard stimulus,Interactant,0.4082,0.1963,0.175,0.1656,0.2457
perceiver,study,New Mothers,Standard stimulus,Interactant,0.4286,0.1997,0.1759,0.1661,0.2517
perceiver,study,New Mothers,Standard stimulus,Interactant,0.449,0.1995,0.1758,0.1664,0.2523
perceiver,study,New Mothers,Standard stimulus,Interactant,0.4694,0.196,0.1755,0.1666,0.245
perceiver,study,New Mothers,Standard stimulus,Interactant,0.4898,0.19,0.1748,0.1661,0.2323
perceiver,study,New Mothers,Standard stimulus,Interactant,0.5102,0.1833,0.1738,0.165,0.2181
perceiver,study,New Mothers,Standard stimulus,Interactant,0.5306,0.1776,0.1728,0.162,0.2067
perceiver,study,New Mothers,Standard stimulus,Interactant,0.551,0.1747,0.1726,0.1549,0.2003
perceiver,study,New Mothers,Standard stimulus,Interactant,0.5714,0.1755,0.173,0.1557,0.2017
perceiver,study,New Mothers,Standard stimulus,Interactant,0.5918,0.1801,0.1747,0.1639,0.2112
perceiver,study,New Mothers,Standard stimulus,Interactant,0.6122,0.1876,0.1766,0.1685,0.2252
perceiver,study,New Mothers,Standard stimulus,Interactant,0.6327,0.1961,0.1789,0.1701,0.241
perceiver,study,New Mothers,Standard stimulus,Interactant,0.6531,0.2032,0.1811,0.1706,0.2562
perceiver,study,New Mothers,Standard stimulus,Interactant,0.6735,0.2067,0.1821,0.1708,0.2633
perceiver,study,New Mothers,Standard stimulus,Interactant,0.6939,0.2046,0.1817,0.1708,0.2587
perceiver,study,New Mothers,Standard stimulus,Interactant,0.7143,0.1964,0.1794,0.1701,0.2423
perceiver,study,New Mothers,Standard stimulus,Interactant,0.7347,0.1828,0.1762,0.1655,0.2155
perceiver,study,New Mothers,Standard stimulus,Interactant,0.7551,0.1661,0.1719,0.134,0.1833
perceiver,study,New Mothers,Standard stimulus,Interactant,0.7755,0.1496,0.1678,0.1016,0.1776
perceiver,study,New Mothers,Standard stimulus,Interactant,0.7959,0.1373,0.1648,0.0775,0.1768
perceiver,study,New Mothers,Standard stimulus,Interactant,0.8163,0.1333,0.1644,0.0701,0.1766
perceiver,study,New Mothers,Standard stimulus,Interactant,0.8367,0.1403,0.1649,0.0854,0.1766
perceiver,study,New Mothers,Standard stimulus,Interactant,0.8571,0.1598,0.169,0.1251,0.1789
perceiver,study,New Mothers,Standard stimulus,Interactant,0.8776,0.1909,0.1775,0.1666,0.2328
perceiver,study,New Mothers,Standard stimulus,Interactant,0.898,0.2309,0.1903,0.1679,0.3125
perceiver,study,New Mothers,Standard stimulus,Interactant,0.9184,0.275,0.2401,0.1675,0.4024
perceiver,study,New Mothers,Standard stimulus,Interactant,0.9388,0.3172,0.2787,0.1672,0.4896
perceiver,study,New Mothers,Standard stimulus,Interactant,0.9592,0.3515,0.2877,0.1668,0.5652
perceiver,study,New Mothers,Standard stimulus,Interactant,0.9796,0.3725,0.2739,0.1667,0.6157
perceiver,study,New Mothers,Standard stimulus,Interactant,1.0,0.3765,0.2357,0.1667,0.6361
perceiver,study,New Mothers,Standard stimulus,Target,0.0,0.151,0.1519,0.1364,0.1646
perceiver,study,New Mothers,Standard stimulus,Target,0.0204,0.1537,0.1546,0.141,0.1648
perceiver,study,New Mothers,Standard stimulus,Target,0.0408,0.1566,0.1579,0.1442,0.1667
perceiver,study,New Mothers,Standard stimulus,Target,0.0612,0.1592,0.1614,0.1453,0.1705
perceiver,study,New Mothers,Standard stimulus,Target,0.0816,0.1615,0.1648,0.1455,0.1754
perceiver,study,New Mothers,Standard stimulus,Target,0.102,0.1632,0.1678,0.144,0.18
perceiver,study,New Mothers,Standard stimulus,Target,0.1224,0.1641,0.1714,0.1419,0.184
perceiver,study,New Mothers,Standard stimulus,Target,0.1429,0.1642,0.173,0.1393,0.1871
perceiver,study,New Mothers,Standard stimulus,Target,0.1633,0.1635,0.1738,0.1358,0.1893
perceiver,study,New Mothers,Standard stimulus,Target,0.1837,0.1622,0.173,0.1319,0.1904
perceiver,study,New Mothers,Standard stimulus,Target,0.2041,0.1603,0.1717,0.1277,0.1907
perceiver,study,New Mothers,Standard stimulus,Target,0.2245,0.1582,0.1702,0.1234,0.1907
perceiver,study,New Mothers,Standard stimulus,Target,0.2449,0.156,0.168,0.1192,0.1905
perceiver,study,New Mothers,Standard stimulus,Target,0.2653,0.154,0.1659,0.1158,0.19
perceiver,study,New Mothers,Standard stimulus,Target,0.2857,0.1524,0.1644,0.1128,0.1894
perceiver,study,New Mothers,Standard stimulus,Target,0.3061,0.1513,0.1635,0.1111,0.1888
perceiver,study,New Mothers,Standard stimulus,Target,0.3265,0.1508,0.1632,0.1106,0.1882
perceiver,study,New Mothers,Standard stimulus,Target,0.3469,0.1509,0.1637,0.1114,0.1878
perceiver,study,New Mothers,Standard stimulus,Target,0.3673,0.1516,0.1649,0.1132,0.1876
perceiver,study,New Mothers,Standard stimulus,Target,0.3878,0.153,0.1666,0.1162,0.1875
perceiver,study,New Mothers,Standard stimulus,Target,0.4082,0.1548,0.1682,0.1202,0.1871
perceiver,study,New Mothers,Standard stimulus,Target,0.4286,0.157,0.17,0.1254,0.1867
perceiver,study,New Mothers,Standard stimulus,Target,0.449,0.1595,0.1722,0.1308,0.1861
perceiver,study,New Mothers,Standard stimulus,Target,0.4694,0.1622,0.1729,0.1369,0.1854
perceiver,study,New Mothers,Standard stimulus,Target,0.4898,0.1649,0.1738,0.1426,0.1848
perceiver,study,New Mothers,Standard stimulus,Target,0.5102,0.1676,0.1741,0.1483,0.1847
perceiver,study,New Mothers,Standard stimulus,Target,0.5306,0.1702,0.1747,0.1532,0.1849
perceiver,study,New Mothers,Standard stimulus,Target,0.551,0.1726,0.1756,0.1572,0.1857
perceiver,study,New Mothers,Standard stimulus,Target,0.5714,0.1748,0.1775,0.1605,0.1867
perceiver,study,New Mothers,Standard stimulus,Target,0.5918,0.1767,0.1794,0.1631,0.1881
perceiver,study,New Mothers,Standard stimulus,Target,0.6122,0.1783,0.1808,0.1645,0.1902
perceiver,study,New Mothers,Standard stimulus,Target,0.6327,0.1796,0.1824,0.1646,0.1925
perceiver,study,New Mothers,Standard stimulus,Target,0.6531,0.1804,0.1836,0.1641,0.1948
perceiver,study,New Mothers,Standard stimulus,Target,0.6735,0.181,0.1849,0.1632,0.1968
perceiver,study,New Mothers,Standard stimulus,Target,0.6939,0.1812,0.1859,0.1622,0.1986
perceiver,study,New Mothers,Standard stimulus,Target,0.7143,0.1812,0.1857,0.1611,0.1997
perceiver,study,New Mothers,Standard stimulus,Target,0.7347,0.1811,0.1855,0.1601,0.2001
perceiver,study,New Mothers,Standard stimulus,Target,0.7551,0.181,0.1851,0.1597,0.2
perceiver,study,New Mothers,Standard stimulus,Target,0.7755,0.181,0.1851,0.1602,0.1998
perceiver,study,New Mothers,Standard stimulus,Target,0.7959,0.1812,0.184,0.162,0.1992
perceiver,study,New Mothers,Standard stimulus,Target,0.8163,0.1819,0.1834,0.1642,0.1984
perceiver,study,New Mothers,Standard stimulus,Target,0.8367,0.1832,0.1841,0.1676,0.1981
perceiver,study,New Mothers,Standard stimulus,Target,0.8571,0.185,0.1853,0.1717,0.1977
perceiver,study,New Mothers,Standard stimulus,Target,0.8776,0.1874,0.1879,0.1763,0.1979
perceiver,study,New Mothers,Standard stimulus,Target,0.898,0.1903,0.1905,0.1806,0.1999
perceiver,study,New Mothers,Standard stimulus,Target,0.9184,0.1937,0.1938,0.1842,0.2034
perceiver,study,New Mothers,Standard stimulus,Target,0.9388,0.1973,0.1974,0.1865,0.2079
perceiver,study,New Mothers,Standard stimulus,Target,0.9592,0.2008,0.2014,0.1876,0.213
perceiver,study,New Mothers,Standard stimulus,Target,0.9796,0.2041,0.2053,0.1884,0.2177
perceiver,study,New Mothers,Standard stimulus,Target,1.0,0.207,0.2089,0.1884,0.2217
perceiver,study,STEM,Dyadic interaction,Interactant,0.0,0.107,0.115,0.0412,0.1669
perceiver,study,STEM,Dyadic interaction,Interactant,0.0204,0.1346,0.1418,0.0973,0.1661
perceiver,study,STEM,Dyadic interaction,Interactant,0.0408,0.1492,0.1546,0.1262,0.1657
perceiver,study,STEM,Dyadic interaction,Interactant,0.0612,0.1542,0.1576,0.1357,0.1679
perceiver,study,STEM,Dyadic interaction,Interactant,0.0816,0.1531,0.1571,0.134,0.1665
perceiver,study,STEM,Dyadic interaction,Interactant,0.102,0.1491,0.1553,0.1268,0.1643
perceiver,study,STEM,Dyadic interaction,Interactant,0.1224,0.1447,0.1515,0.1189,0.1638
perceiver,study,STEM,Dyadic interaction,Interactant,0.1429,0.1415,0.1488,0.1128,0.1636
perceiver,study,STEM,Dyadic interaction,Interactant,0.1633,0.1402,0.1479,0.1094,0.1633
perceiver,study,STEM,Dyadic interaction,Interactant,0.1837,0.1409,0.149,0.1105,0.1632
perceiver,study,STEM,Dyadic interaction,Interactant,0.2041,0.1432,0.1518,0.1144,0.1635
perceiver,study,STEM,Dyadic interaction,Interactant,0.2245,0.1466,0.1541,0.1208,0.1639
perceiver,study,STEM,Dyadic interaction,Interactant,0.2449,0.1506,0.1564,0.1284,0.165
perceiver,study,STEM,Dyadic interaction,Interactant,0.2653,0.1549,0.1586,0.1366,0.1675
perceiver,study,STEM,Dyadic interaction,Interactant,0.2857,0.1596,0.1604,0.1459,0.1739
perceiver,study,STEM,Dyadic interaction,Interactant,0.3061,0.1648,0.1632,0.1539,0.1838
perceiver,study,STEM,Dyadic interaction,Interactant,0.3265,0.1707,0.1664,0.1569,0.1947
perceiver,study,STEM,Dyadic interaction,Interactant,0.3469,0.1774,0.1697,0.1581,0.2072
perceiver,study,STEM,Dyadic interaction,Interactant,0.3673,0.1847,0.1721,0.1597,0.2219
perceiver,study,STEM,Dyadic interaction,Interactant,0.3878,0.1921,0.1747,0.1607,0.2354
perceiver,study,STEM,Dyadic interaction,Interactant,0.4082,0.1988,0.1798,0.1618,0.2478
perceiver,study,STEM,Dyadic interaction,Interactant,0.4286,0.2036,0.1849,0.1631,0.2562
perceiver,study,STEM,Dyadic interaction,Interactant,0.449,0.2057,0.1867,0.1645,0.2585
perceiver,study,STEM,Dyadic interaction,Interactant,0.4694,0.204,0.184,0.1661,0.2538
perceiver,study,STEM,Dyadic interaction,Interactant,0.4898,0.1983,0.1821,0.1678,0.2411
perceiver,study,STEM,Dyadic interaction,Interactant,0.5102,0.1887,0.1808,0.1689,0.22
perceiver,study,STEM,Dyadic interaction,Interactant,0.5306,0.1761,0.1752,0.1641,0.1931
perceiver,study,STEM,Dyadic interaction,Interactant,0.551,0.1621,0.1701,0.1355,0.1805
perceiver,study,STEM,Dyadic interaction,Interactant,0.5714,0.1486,0.157,0.1076,0.1818
perceiver,study,STEM,Dyadic interaction,Interactant,0.5918,0.1376,0.146,0.0846,0.1828
perceiver,study,STEM,Dyadic interaction,Interactant,0.6122,0.1311,0.1395,0.0707,0.1836
perceiver,study,STEM,Dyadic interaction,Interactant,0.6327,0.1302,0.1388,0.068,0.1841
perceiver,study,STEM,Dyadic interaction,Interactant,0.6531,0.1354,0.1444,0.0778,0.1845
perceiver,study,STEM,Dyadic interaction,Interactant,0.6735,0.1462,0.1553,0.0989,0.1848
perceiver,study,STEM,Dyadic interaction,Interactant,0.6939,0.1612,0.1705,0.1292,0.1847
perceiver,study,STEM,Dyadic interaction,Interactant,0.7143,0.178,0.1794,0.1633,0.1916
perceiver,study,STEM,Dyadic interaction,Interactant,0.7347,0.194,0.1869,0.1762,0.2232
perceiver,study,STEM,Dyadic interaction,Interactant,0.7551,0.2068,0.1897,0.1768,0.2489
perceiver,study,STEM,Dyadic interaction,Interactant,0.7755,0.2143,0.1956,0.1766,0.2637
perceiver,study,STEM,Dyadic interaction,Interactant,0.7959,0.2155,0.1968,0.1765,0.266
perceiver,study,STEM,Dyadic interaction,Interactant,0.8163,0.2107,0.1916,0.1766,0.2566
perceiver,study,STEM,Dyadic interaction,Interactant,0.8367,0.2016,0.1881,0.1766,0.2384
perceiver,study,STEM,Dyadic interaction,Interactant,0.8571,0.1909,0.1856,0.1761,0.2167
perceiver,study,STEM,Dyadic interaction,Interactant,0.8776,0.1824,0.1815,0.1714,0.1996
perceiver,study,STEM,Dyadic interaction,Interactant,0.898,0.18,0.1804,0.1665,0.1951
perceiver,study,STEM,Dyadic interaction,Interactant,0.9184,0.1874,0.1837,0.1753,0.2104
perceiver,study,STEM,Dyadic interaction,Interactant,0.9388,0.2071,0.1897,0.1777,0.2496
perceiver,study,STEM,Dyadic interaction,Interactant,0.9592,0.2399,0.2169,0.1776,0.3138
perceiver,study,STEM,Dyadic interaction,Interactant,0.9796,0.2847,0.2605,0.1771,0.4047
perceiver,study,STEM,Dyadic interaction,Interactant,1.0,0.3384,0.299,0.1763,0.5184
perceiver,study,STEM,Dyadic interaction,Target,0.0,0.0964,0.0913,0.0432,0.149
perceiver,study,STEM,Dyadic interaction,Target,0.0204,0.1359,0.1378,0.1196,0.1482
perceiver,study,STEM,Dyadic interaction,Target,0.0408,0.1445,0.144,0.1323,0.1578
perceiver,study,STEM,Dyadic interaction,Target,0.0612,0.1367,0.1389,0.1197,0.1476
perceiver,study,STEM,Dyadic interaction,Target,0.0816,0.124,0.1233,0.0927,0.1483
perceiver,study,STEM,Dyadic interaction,Target,0.102,0.114,0.1133,0.0707,0.1498
perceiver,study,STEM,Dyadic interaction,Target,0.1224,0.1105,0.1102,0.0614,0.1518
perceiver,study,STEM,Dyadic interaction,Target,0.1429,0.1137,0.1136,0.0652,0.154
perceiver,study,STEM,Dyadic interaction,Target,0.1633,0.1217,0.1221,0.0785,0.1567
perceiver,study,STEM,Dyadic interaction,Target,0.1837,0.1314,0.1321,0.0954,0.1592
perceiver,study,STEM,Dyadic interaction,Target,0.2041,0.1399,0.1412,0.1096,0.1619
perceiver,study,STEM,Dyadic interaction,Target,0.2245,0.1449,0.1467,0.1174,0.1641
perceiver,study,STEM,Dyadic interaction,Target,0.2449,0.1457,0.148,0.1167,0.1665
perceiver,study,STEM,Dyadic interaction,Target,0.2653,0.1428,0.1455,0.1089,0.1684
perceiver,study,STEM,Dyadic interaction,Target,0.2857,0.1377,0.1403,0.0973,0.17
perceiver,study,STEM,Dyadic interaction,Target,0.3061,0.1327,0.1347,0.0855,0.1713
perceiver,study,STEM,Dyadic interaction,Target,0.3265,0.1294,0.1312,0.0781,0.1724
perceiver,study,STEM,Dyadic interaction,Target,0.3469,0.1294,0.1307,0.0768,0.1734
perceiver,study,STEM,Dyadic interaction,Target,0.3673,0.1329,0.1338,0.0832,0.174
perceiver,study,STEM,Dyadic interaction,Target,0.3878,0.1395,0.1398,0.0957,0.1747
perceiver,study,STEM,Dyadic interaction,Target,0.4082,0.1477,0.1478,0.1116,0.1754
perceiver,study,STEM,Dyadic interaction,Target,0.4286,0.156,0.1558,0.1272,0.1763
perceiver,study,STEM,Dyadic interaction,Target,0.449,0.1625,0.1651,0.1394,0.1774
perceiver,study,STEM,Dyadic interaction,Target,0.4694,0.1662,0.1684,0.1455,0.1786
perceiver,study,STEM,Dyadic interaction,Target,0.4898,0.1665,0.1689,0.1447,0.1802
perceiver,study,STEM,Dyadic interaction,Target,0.5102,0.1639,0.1661,0.1379,0.1818
perceiver,study,STEM,Dyadic interaction,Target,0.5306,0.1594,0.1618,0.1269,0.1833
perceiver,study,STEM,Dyadic interaction,Target,0.551,0.1543,0.1566,0.115,0.1848
perceiver,study,STEM,Dyadic interaction,Target,0.5714,0.1502,0.1523,0.1049,0.1865
perceiver,study,STEM,Dyadic interaction,Target,0.5918,0.148,0.1498,0.0992,0.1881
perceiver,study,STEM,Dyadic interaction,Target,0.6122,0.1482,0.1501,0.0982,0.1893
perceiver,study,STEM,Dyadic interaction,Target,0.6327,0.1505,0.1527,0.1021,0.19
perceiver,study,STEM,Dyadic interaction,Target,0.6531,0.154,0.1571,0.1089,0.1905
perceiver,study,STEM,Dyadic interaction,Target,0.6735,0.1575,0.1612,0.1157,0.1908
perceiver,study,STEM,Dyadic interaction,Target,0.6939,0.1598,0.1635,0.1206,0.1906
perceiver,study,STEM,Dyadic interaction,Target,0.7143,0.1602,0.1637,0.1219,0.1899
perceiver,study,STEM,Dyadic interaction,Target,0.7347,0.1585,0.1618,0.1194,0.1889
perceiver,study,STEM,Dyadic interaction,Target,0.7551,0.1554,0.1588,0.1144,0.1879
perceiver,study,STEM,Dyadic interaction,Target,0.7755,0.1521,0.1554,0.1093,0.1868
perceiver,study,STEM,Dyadic interaction,Target,0.7959,0.1503,0.153,0.1066,0.1855
perceiver,study,STEM,Dyadic interaction,Target,0.8163,0.1513,0.1536,0.1096,0.1844
perceiver,study,STEM,Dyadic interaction,Target,0.8367,0.1557,0.1575,0.119,0.1835
perceiver,study,STEM,Dyadic interaction,Target,0.8571,0.1631,0.1648,0.1346,0.1831
perceiver,study,STEM,Dyadic interaction,Target,0.8776,0.1724,0.1753,0.1533,0.1828
perceiver,study,STEM,Dyadic interaction,Target,0.898,0.1814,0.1807,0.171,0.1918
perceiver,study,STEM,Dyadic interaction,Target,0.9184,0.1882,0.1832,0.1771,0.2057
perceiver,study,STEM,Dyadic interaction,Target,0.9388,0.1918,0.1864,0.1776,0.2134
perceiver,study,STEM,Dyadic interaction,Target,0.9592,0.1939,0.1883,0.178,0.2168
perceiver,study,STEM,Dyadic interaction,Target,0.9796,0.199,0.1929,0.1785,0.2261
perceiver,study,STEM,Dyadic interaction,Target,1.0,0.2159,0.2028,0.1784,0.2629
perceiver,study,Middle Eastern Men,Standard stimulus,Interactant,0.0,0.0319,0.0544,-0.0917,0.1481
perceiver,study,Middle Eastern Men,Standard stimulus,Interactant,0.0204,0.0663,0.0882,-0.0174,0.146
perceiver,study,Middle Eastern Men,Standard stimulus,Interactant,0.0408,0.091,0.0991,0.0345,0.1442
perceiver,study,Middle Eastern Men,Standard stimulus,Interactant,0.0612,0.1063,0.1101,0.0662,0.143
perceiver,study,Middle Eastern Men,Standard stimulus,Interactant,0.0816,0.1136,0.1178,0.0809,0.1419
perceiver,study,Middle Eastern Men,Standard stimulus,Interactant,0.102,0.1147,0.1193,0.0835,0.141
perceiver,study,Middle Eastern Men,Standard stimulus,Interactant,0.1224,0.112,0.1179,0.0776,0.1403
perceiver,study,Middle Eastern Men,Standard stimulus,Interactant,0.1429,0.1074,0.1159,0.0683,0.1394
perceiver,study,Middle Eastern Men,Standard stimulus,Interactant,0.1633,0.1028,0.1145,0.0588,0.1394
perceiver,study,Middle Eastern Men,Standard stimulus,Interactant,0.1837,0.0994,0.1145,0.051,0.1393
perceiver,study,Middle Eastern Men,Standard stimulus,Interactant,0.2041,0.0977,0.1146,0.0476,0.1398
perceiver,study,Middle Eastern Men,Standard stimulus,Interactant,0.2245,0.0982,0.1156,0.0479,0.1402
perceiver,study,Middle Eastern Men,Standard stimulus,Interactant,0.2449,0.1005,0.1168,0.0521,0.1411
perceiver,study,Middle Eastern Men,Standard stimulus,Interactant,0.2653,0.1045,0.1171,0.0597,0.1418
perceiver,study,Middle Eastern Men,Standard stimulus,Interactant,0.2857,0.1098,0.1197,0.0691,0.1426
perceiver,study,Middle Eastern Men,Standard stimulus,Interactant,0.3061,0.1161,0.1233,0.0808,0.1434
perceiver,study,Middle Eastern Men,Standard stimulus,Interactant,0.3265,0.1232,0.1278,0.0943,0.1452
perceiver,study,Middle Eastern Men,Standard stimulus,Interactant,0.3469,0.1309,0.1341,0.1091,0.148
perceiver,study,Middle Eastern Men,Standard stimulus,Interactant,0.3673,0.1388,0.1395,0.1217,0.1541
perceiver,study,Middle Eastern Men,Standard stimulus,Interactant,0.3878,0.1467,0.145,0.1297,0.1665
perceiver,study,Middle Eastern Men,Standard stimulus,Interactant,0.4082,0.154,0.1499,0.1339,0.1792
perceiver,study,Middle Eastern Men,Standard stimulus,Interactant,0.4286,0.1602,0.1547,0.1362,0.1898
perceiver,study,Middle Eastern Men,Standard stimulus,Interactant,0.449,0.1644,0.158,0.1383,0.1962
perceiver,study,Middle Eastern Men,Standard stimulus,Interactant,0.4694,0.1661,0.1599,0.1403,0.1979
perceiver,study,Middle Eastern Men,Standard stimulus,Interactant,0.4898,0.1648,0.1596,0.1419,0.1935
perceiver,study,Middle Eastern Men,Standard stimulus,Interactant,0.5102,0.1602,0.1571,0.1427,0.1826
perceiver,study,Middle Eastern Men,Standard stimulus,Interactant,0.5306,0.1527,0.1536,0.1352,0.1685
perceiver,study,Middle Eastern Men,Standard stimulus,Interactant,0.551,0.1429,0.1481,0.1137,0.165
perceiver,study,Middle Eastern Men,Standard stimulus,Interactant,0.5714,0.1319,0.1428,0.0896,0.1666
perceiver,study,Middle Eastern Men,Standard stimulus,Interactant,0.5918,0.1213,0.1412,0.0661,0.1688
perceiver,study,Middle Eastern Men,Standard stimulus,Interactant,0.6122,0.1125,0.1394,0.0462,0.1716
perceiver,study,Middle Eastern Men,Standard stimulus,Interactant,0.6327,0.1069,0.134,0.032,0.1741
perceiver,study,Middle Eastern Men,Standard stimulus,Interactant,0.6531,0.1056,0.1322,0.027,0.1764
perceiver,study,Middle Eastern Men,Standard stimulus,Interactant,0.6735,0.1091,0.1353,0.0312,0.1785
perceiver,study,Middle Eastern Men,Standard stimulus,Interactant,0.6939,0.117,0.1431,0.045,0.1809
perceiver,study,Middle Eastern Men,Standard stimulus,Interactant,0.7143,0.1286,0.1505,0.0659,0.1831
perceiver,study,Middle Eastern Men,Standard stimulus,Interactant,0.7347,0.1423,0.1571,0.0914,0.1854
perceiver,study,Middle Eastern Men,Standard stimulus,Interactant,0.7551,0.1564,0.1647,0.1176,0.1875
perceiver,study,Middle Eastern Men,Standard stimulus,Interactant,0.7755,0.1691,0.1735,0.1403,0.1913
perceiver,study,Middle Eastern Men,Standard stimulus,Interactant,0.7959,0.1789,0.1812,0.1568,0.1956
perceiver,study,Middle Eastern Men,Standard stimulus,Interactant,0.8163,0.1849,0.1865,0.1659,0.2006
perceiver,study,Middle Eastern Men,Standard stimulus,Interactant,0.8367,0.1871,0.1888,0.1679,0.2028
perceiver,study,Middle Eastern Men,Standard stimulus,Interactant,0.8571,0.1862,0.1889,0.1633,0.2032
perceiver,study,Middle Eastern Men,Standard stimulus,Interactant,0.8776,0.1838,0.1883,0.1554,0.2047
perceiver,study,Middle Eastern Men,Standard stimulus,Interactant,0.898,0.1818,0.1882,0.1485,0.207
perceiver,study,Middle Eastern Men,Standard stimulus,Interactant,0.9184,0.1823,0.1901,0.1466,0.2096
perceiver,study,Middle Eastern Men,Standard stimulus,Interactant,0.9388,0.1872,0.1942,0.1528,0.2127
perceiver,study,Middle Eastern Men,Standard stimulus,Interactant,0.9592,0.1977,0.2016,0.1712,0.217
perceiver,study,Middle Eastern Men,Standard stimulus,Interactant,0.9796,0.2137,0.2135,0.1962,0.231
perceiver,study,Middle Eastern Men,Standard stimulus,Interactant,1.0,0.2342,0.2268,0.2044,0.2702
perceiver,study,Middle Eastern Men,Standard stimulus,Target,0.0,0.1092,0.1054,0.0672,0.1549
perceiver,study,Middle Eastern Men,Standard stimulus,Target,0.0204,0.1083,0.1047,0.0669,0.1529
perceiver,study,Middle Eastern Men,Standard stimulus,Target,0.0408,0.1059,0.104,0.0633,0.1521
perceiver,study,Middle Eastern Men,Standard stimulus,Target,0.0612,0.1023,0.1035,0.0568,0.1513
perceiver,study,Middle Eastern Men,Standard stimulus,Target,0.0816,0.0985,0.1061,0.0483,0.1502
perceiver,study,Middle Eastern Men,Standard stimulus,Target,0.102,0.0951,0.102,0.0413,0.1489
perceiver,study,Middle Eastern Men,Standard stimulus,Target,0.1224,0.0928,0.0997,0.0366,0.1484
perceiver,study,Middle Eastern Men,Standard stimulus,Target,0.1429,0.0921,0.0973,0.0352,0.148
perceiver,study,Middle Eastern Men,Standard stimulus,Target,0.1633,0.093,0.0992,0.0363,0.1483
perceiver,study,Middle Eastern Men,Standard stimulus,Target,0.1837,0.0956,0.1039,0.0409,0.1486
perceiver,study,Middle Eastern Men,Standard stimulus,Target,0.2041,0.0994,0.11,0.0477,0.1492
perceiver,study,Middle Eastern Men,Standard stimulus,Target,0.2245,0.1039,0.1134,0.0554,0.1508
perceiver,study,Middle Eastern Men,Standard stimulus,Target,0.2449,0.1085,0.1176,0.0633,0.1523
perceiver,study,Middle Eastern Men,Standard stimulus,Target,0.2653,0.1127,0.1204,0.0701,0.1535
perceiver,study,Middle Eastern Men,Standard stimulus,Target,0.2857,0.1159,0.1232,0.0749,0.1554
perceiver,study,Middle Eastern Men,Standard stimulus,Target,0.3061,0.1181,0.1257,0.0771,0.1575
perceiver,study,Middle Eastern Men,Standard stimulus,Target,0.3265,0.119,0.1271,0.0772,0.1591
perceiver,study,Middle Eastern Men,Standard stimulus,Target,0.3469,0.119,0.1294,0.0756,0.1605
perceiver,study,Middle Eastern Men,Standard stimulus,Target,0.3673,0.1184,0.1304,0.0731,0.162
perceiver,study,Middle Eastern Men,Standard stimulus,Target,0.3878,0.1176,0.1291,0.0704,0.1631
perceiver,study,Middle Eastern Men,Standard stimulus,Target,0.4082,0.1172,0.129,0.0688,0.1643
perceiver,study,Middle Eastern Men,Standard stimulus,Target,0.4286,0.1175,0.1298,0.0689,0.165
perceiver,study,Middle Eastern Men,Standard stimulus,Target,0.449,0.1187,0.1312,0.0712,0.1652
perceiver,study,Middle Eastern Men,Standard stimulus,Target,0.4694,0.121,0.1299,0.0758,0.1653
perceiver,study,Middle Eastern Men,Standard stimulus,Target,0.4898,0.1242,0.1315,0.0823,0.1649
perceiver,study,Middle Eastern Men,Standard stimulus,Target,0.5102,0.128,0.1333,0.0898,0.1646
perceiver,study,Middle Eastern Men,Standard stimulus,Target,0.5306,0.132,0.1355,0.0975,0.1646
perceiver,study,Middle Eastern Men,Standard stimulus,Target,0.551,0.1357,0.1389,0.1046,0.1652
perceiver,study,Middle Eastern Men,Standard stimulus,Target,0.5714,0.1388,0.1415,0.1097,0.1661
perceiver,study,Middle Eastern Men,Standard stimulus,Target,0.5918,0.1409,0.1439,0.113,0.1675
perceiver,study,Middle Eastern Men,Standard stimulus,Target,0.6122,0.142,0.1447,0.1133,0.1695
perceiver,study,Middle Eastern Men,Standard stimulus,Target,0.6327,0.1419,0.1451,0.1112,0.1712
perceiver,study,Middle Eastern Men,Standard stimulus,Target,0.6531,0.141,0.1447,0.1069,0.173
perceiver,study,Middle Eastern Men,Standard stimulus,Target,0.6735,0.1395,0.1444,0.1014,0.1755
perceiver,study,Middle Eastern Men,Standard stimulus,Target,0.6939,0.138,0.1456,0.0954,0.1777
perceiver,study,Middle Eastern Men,Standard stimulus,Target,0.7143,0.1368,0.1477,0.0899,0.1813
perceiver,study,Middle Eastern Men,Standard stimulus,Target,0.7347,0.1364,0.1479,0.0859,0.185
perceiver,study,Middle Eastern Men,Standard stimulus,Target,0.7551,0.1369,0.148,0.0836,0.1882
perceiver,study,Middle Eastern Men,Standard stimulus,Target,0.7755,0.1385,0.1489,0.0835,0.1917
perceiver,study,Middle Eastern Men,Standard stimulus,Target,0.7959,0.1412,0.1505,0.0857,0.1951
perceiver,study,Middle Eastern Men,Standard stimulus,Target,0.8163,0.1448,0.1521,0.0894,0.1989
perceiver,study,Middle Eastern Men,Standard stimulus,Target,0.8367,0.1491,0.1553,0.0942,0.2025
perceiver,study,Middle Eastern Men,Standard stimulus,Target,0.8571,0.1537,0.1597,0.0996,0.2066
perceiver,study,Middle Eastern Men,Standard stimulus,Target,0.8776,0.1585,0.1651,0.1047,0.2104
perceiver,study,Middle Eastern Men,Standard stimulus,Target,0.898,0.1631,0.171,0.1097,0.2144
perceiver,study,Middle Eastern Men,Standard stimulus,Target,0.9184,0.1676,0.1771,0.1144,0.2188
perceiver,study,Middle Eastern Men,Standard stimulus,Target,0.9388,0.172,0.1828,0.119,0.2233
perceiver,study,Middle Eastern Men,Standard stimulus,Target,0.9592,0.1764,0.1877,0.1236,0.2279
perceiver,study,Middle Eastern Men,Standard stimulus,Target,0.9796,0.1809,0.1923,0.1291,0.2327
perceiver,study,Middle Eastern Men,Standard stimulus,Target,1.0,0.1858,0.1954,0.1352,0.2368
perceiver,study,Negotiation,Dyadic interaction,Interactant,0.0,0.1217,0.1233,0.1084,0.1326
perceiver,study,Negotiation,Dyadic interaction,Interactant,0.0204,0.1217,0.1232,0.1102,0.1315
perceiver,study,Negotiation,Dyadic interaction,Interactant,0.0408,0.122,0.1233,0.1116,0.131
perceiver,study,Negotiation,Dyadic interaction,Interactant,0.0612,0.1226,0.124,0.1124,0.1308
perceiver,study,Negotiation,Dyadic interaction,Interactant,0.0816,0.1234,0.1248,0.1135,0.131
perceiver,study,Negotiation,Dyadic interaction,Interactant,0.102,0.1245,0.1257,0.1146,0.1314
perceiver,study,Negotiation,Dyadic interaction,Interactant,0.1224,0.1256,0.1269,0.116,0.1321
perceiver,study,Negotiation,Dyadic interaction,Interactant,0.1429,0.1268,0.1281,0.1173,0.1329
perceiver,study,Negotiation,Dyadic interaction,Interactant,0.1633,0.128,0.1293,0.1184,0.134
perceiver,study,Negotiation,Dyadic interaction,Interactant,0.1837,0.1291,0.1305,0.1198,0.135
perceiver,study,Negotiation,Dyadic interaction,Interactant,0.2041,0.1302,0.1315,0.121,0.1359
perceiver,study,Negotiation,Dyadic interaction,Interactant,0.2245,0.1312,0.1323,0.1225,0.1367
perceiver,study,Negotiation,Dyadic interaction,Interactant,0.2449,0.1321,0.1329,0.1241,0.1376
perceiver,study,Negotiation,Dyadic interaction,Interactant,0.2653,0.133,0.1334,0.1258,0.1389
perceiver,study,Negotiation,Dyadic interaction,Interactant,0.2857,0.1339,0.1338,0.1275,0.1403
perceiver,study,Negotiation,Dyadic interaction,Interactant,0.3061,0.1347,0.1342,0.1295,0.1422
perceiver,study,Negotiation,Dyadic interaction,Interactant,0.3265,0.1357,0.1346,0.1303,0.144
perceiver,study,Negotiation,Dyadic interaction,Interactant,0.3469,0.1367,0.1349,0.1309,0.1461
perceiver,study,Negotiation,Dyadic interaction,Interactant,0.3673,0.1378,0.1353,0.1314,0.1479
perceiver,study,Negotiation,Dyadic interaction,Interactant,0.3878,0.139,0.1358,0.132,0.1502
perceiver,study,Negotiation,Dyadic interaction,Interactant,0.4082,0.1402,0.1365,0.1327,0.152
perceiver,study,Negotiation,Dyadic interaction,Interactant,0.4286,0.1415,0.1374,0.1334,0.1542
perceiver,study,Negotiation,Dyadic interaction,Interactant,0.449,0.1429,0.1383,0.1341,0.1565
perceiver,study,Negotiation,Dyadic interaction,Interactant,0.4694,0.1442,0.1393,0.1348,0.1584
perceiver,study,Negotiation,Dyadic interaction,Interactant,0.4898,0.1454,0.1402,0.1354,0.1605
perceiver,study,Negotiation,Dyadic interaction,Interactant,0.5102,0.1466,0.1408,0.1361,0.1624
perceiver,study,Negotiation,Dyadic interaction,Interactant,0.5306,0.1476,0.1416,0.1366,0.1638
perceiver,study,Negotiation,Dyadic interaction,Interactant,0.551,0.1486,0.1419,0.1371,0.1658
perceiver,study,Negotiation,Dyadic interaction,Interactant,0.5714,0.1494,0.1423,0.1373,0.1675
perceiver,study,Negotiation,Dyadic interaction,Interactant,0.5918,0.1501,0.1431,0.1372,0.1695
perceiver,study,Negotiation,Dyadic interaction,Interactant,0.6122,0.1507,0.1428,0.1369,0.171
perceiver,study,Negotiation,Dyadic interaction,Interactant,0.6327,0.1514,0.1425,0.1365,0.1725
perceiver,study,Negotiation,Dyadic interaction,Interactant,0.6531,0.152,0.1417,0.1358,0.1743
perceiver,study,Negotiation,Dyadic interaction,Interactant,0.6735,0.1526,0.141,0.135,0.1759
perceiver,study,Negotiation,Dyadic interaction,Interactant,0.6939,0.1533,0.1405,0.1341,0.178
perceiver,study,Negotiation,Dyadic interaction,Interactant,0.7143,0.1541,0.1399,0.1334,0.1798
perceiver,study,Negotiation,Dyadic interaction,Interactant,0.7347,0.155,0.1395,0.1327,0.1824
perceiver,study,Negotiation,Dyadic interaction,Interactant,0.7551,0.156,0.1418,0.1323,0.1854
perceiver,study,Negotiation,Dyadic interaction,Interactant,0.7755,0.1571,0.1445,0.1318,0.1884
perceiver,study,Negotiation,Dyadic interaction,Interactant,0.7959,0.1585,0.1477,0.1315,0.191
perceiver,study,Negotiation,Dyadic interaction,Interactant,0.8163,0.1599,0.1498,0.1312,0.194
perceiver,study,Negotiation,Dyadic interaction,Interactant,0.8367,0.1615,0.152,0.1313,0.1974
perceiver,study,Negotiation,Dyadic interaction,Interactant,0.8571,0.1632,0.1535,0.1315,0.2004
perceiver,study,Negotiation,Dyadic interaction,Interactant,0.8776,0.165,0.1549,0.1319,0.204
perceiver,study,Negotiation,Dyadic interaction,Interactant,0.898,0.1669,0.1557,0.1325,0.2075
perceiver,study,Negotiation,Dyadic interaction,Interactant,0.9184,0.1688,0.1568,0.1334,0.2112
perceiver,study,Negotiation,Dyadic interaction,Interactant,0.9388,0.1707,0.1578,0.1342,0.2149
perceiver,study,Negotiation,Dyadic interaction,Interactant,0.9592,0.1725,0.1586,0.1351,0.2187
perceiver,study,Negotiation,Dyadic interaction,Interactant,0.9796,0.1742,0.1594,0.1358,0.2223
perceiver,study,Negotiation,Dyadic interaction,Interactant,1.0,0.1757,0.1607,0.1364,0.226
perceiver,study,Negotiation,Dyadic interaction,Target,0.0,0.1333,0.137,0.114,0.1454
perceiver,study,Negotiation,Dyadic interaction,Target,0.0204,0.1348,0.1371,0.1193,0.1459
perceiver,study,Negotiation,Dyadic interaction,Target,0.0408,0.1365,0.1374,0.1252,0.1461
perceiver,study,Negotiation,Dyadic interaction,Target,0.0612,0.1382,0.1382,0.1296,0.147
perceiver,study,Negotiation,Dyadic interaction,Target,0.0816,0.1398,0.1387,0.1328,0.1499
perceiver,study,Negotiation,Dyadic interaction,Target,0.102,0.141,0.1389,0.134,0.1529
perceiver,study,Negotiation,Dyadic interaction,Target,0.1224,0.1419,0.1387,0.1342,0.155
perceiver,study,Negotiation,Dyadic interaction,Target,0.1429,0.1422,0.1385,0.1342,0.1561
perceiver,study,Negotiation,Dyadic interaction,Target,0.1633,0.1422,0.1381,0.134,0.1563
perceiver,study,Negotiation,Dyadic interaction,Target,0.1837,0.1417,0.1379,0.1338,0.1556
perceiver,study,Negotiation,Dyadic interaction,Target,0.2041,0.141,0.1376,0.1334,0.1544
perceiver,study,Negotiation,Dyadic interaction,Target,0.2245,0.1401,0.1371,0.1331,0.1528
perceiver,study,Negotiation,Dyadic interaction,Target,0.2449,0.1393,0.1369,0.1327,0.1507
perceiver,study,Negotiation,Dyadic interaction,Target,0.2653,0.1385,0.1367,0.1316,0.149
perceiver,study,Negotiation,Dyadic interaction,Target,0.2857,0.138,0.1367,0.131,0.1484
perceiver,study,Negotiation,Dyadic interaction,Target,0.3061,0.1378,0.1366,0.1306,0.1483
perceiver,study,Negotiation,Dyadic interaction,Target,0.3265,0.1378,0.1367,0.131,0.1485
perceiver,study,Negotiation,Dyadic interaction,Target,0.3469,0.1382,0.1369,0.1316,0.1485
perceiver,study,Negotiation,Dyadic interaction,Target,0.3673,0.1387,0.137,0.1325,0.1488
perceiver,study,Negotiation,Dyadic interaction,Target,0.3878,0.1393,0.1373,0.1333,0.1501
perceiver,study,Negotiation,Dyadic interaction,Target,0.4082,0.14,0.1374,0.1336,0.1518
perceiver,study,Negotiation,Dyadic interaction,Target,0.4286,0.1407,0.1376,0.1339,0.1528
perceiver,study,Negotiation,Dyadic interaction,Target,0.449,0.1413,0.1378,0.1341,0.1541
perceiver,study,Negotiation,Dyadic interaction,Target,0.4694,0.1418,0.1381,0.1343,0.1552
perceiver,study,Negotiation,Dyadic interaction,Target,0.4898,0.1424,0.1383,0.1345,0.1561
perceiver,study,Negotiation,Dyadic interaction,Target,0.5102,0.1429,0.1385,0.1348,0.1567
perceiver,study,Negotiation,Dyadic interaction,Target,0.5306,0.1436,0.1388,0.135,0.1579
perceiver,study,Negotiation,Dyadic interaction,Target,0.551,0.1445,0.1393,0.1353,0.1599
perceiver,study,Negotiation,Dyadic interaction,Target,0.5714,0.1457,0.1396,0.1355,0.1622
perceiver,study,Negotiation,Dyadic interaction,Target,0.5918,0.1472,0.14,0.1359,0.1648
perceiver,study,Negotiation,Dyadic interaction,Target,0.6122,0.149,0.1407,0.1362,0.1689
perceiver,study,Negotiation,Dyadic interaction,Target,0.6327,0.1512,0.1418,0.1362,0.1729
perceiver,study,Negotiation,Dyadic interaction,Target,0.6531,0.1535,0.1422,0.1361,0.1773
perceiver,study,Negotiation,Dyadic interaction,Target,0.6735,0.156,0.1464,0.1358,0.1823
perceiver,study,Negotiation,Dyadic interaction,Target,0.6939,0.1584,0.1501,0.1355,0.1873
perceiver,study,Negotiation,Dyadic interaction,Target,0.7143,0.1607,0.1515,0.1349,0.1932
perceiver,study,Negotiation,Dyadic interaction,Target,0.7347,0.1628,0.1526,0.1343,0.1987
perceiver,study,Negotiation,Dyadic interaction,Target,0.7551,0.1645,0.1538,0.1337,0.2026
perceiver,study,Negotiation,Dyadic interaction,Target,0.7755,0.1659,0.1549,0.1333,0.2055
perceiver,study,Negotiation,Dyadic interaction,Target,0.7959,0.1671,0.1555,0.1331,0.2079
perceiver,study,Negotiation,Dyadic interaction,Target,0.8163,0.168,0.1557,0.1331,0.2093
perceiver,study,Negotiation,Dyadic interaction,Target,0.8367,0.1688,0.156,0.1334,0.2108
perceiver,study,Negotiation,Dyadic interaction,Target,0.8571,0.1696,0.1563,0.1341,0.2125
perceiver,study,Negotiation,Dyadic interaction,Target,0.8776,0.1705,0.1567,0.1349,0.214
perceiver,study,Negotiation,Dyadic interaction,Target,0.898,0.1717,0.1574,0.136,0.2153
perceiver,study,Negotiation,Dyadic interaction,Target,0.9184,0.1731,0.158,0.137,0.2178
perceiver,study,Negotiation,Dyadic interaction,Target,0.9388,0.1747,0.1575,0.138,0.2196
perceiver,study,Negotiation,Dyadic interaction,Target,0.9592,0.1765,0.1571,0.1389,0.2227
perceiver,study,Negotiation,Dyadic interaction,Target,0.9796,0.1783,0.1553,0.1397,0.2281
perceiver,study,Negotiation,Dyadic interaction,Target,1.0,0.1799,0.1529,0.14,0.2326
perceiver,study,Round-Robin (Video),Dyadic interaction,Interactant,0.0,0.0938,0.0994,0.0631,0.1194
perceiver,study,Round-Robin (Video),Dyadic interaction,Interactant,0.0204,0.0947,0.0986,0.0671,0.1189
perceiver,study,Round-Robin (Video),Dyadic interaction,Interactant,0.0408,0.0962,0.0983,0.0719,0.1186
perceiver,study,Round-Robin (Video),Dyadic interaction,Interactant,0.0612,0.0982,0.0993,0.077,0.1184
perceiver,study,Round-Robin (Video),Dyadic interaction,Interactant,0.0816,0.1007,0.1008,0.0823,0.1184
perceiver,study,Round-Robin (Video),Dyadic interaction,Interactant,0.102,0.1034,0.1032,0.0879,0.1186
perceiver,study,Round-Robin (Video),Dyadic interaction,Interactant,0.1224,0.1062,0.1055,0.0933,0.1187
perceiver,study,Round-Robin (Video),Dyadic interaction,Interactant,0.1429,0.1089,0.108,0.0985,0.1191
perceiver,study,Round-Robin (Video),Dyadic interaction,Interactant,0.1633,0.1113,0.1111,0.103,0.1194
perceiver,study,Round-Robin (Video),Dyadic interaction,Interactant,0.1837,0.1134,0.1133,0.1069,0.1198
perceiver,study,Round-Robin (Video),Dyadic interaction,Interactant,0.2041,0.115,0.115,0.11,0.1199
perceiver,study,Round-Robin (Video),Dyadic interaction,Interactant,0.2245,0.1162,0.1162,0.1122,0.12
perceiver,study,Round-Robin (Video),Dyadic interaction,Interactant,0.2449,0.1169,0.1169,0.1137,0.1201
perceiver,study,Round-Robin (Video),Dyadic interaction,Interactant,0.2653,0.1173,0.1173,0.1146,0.12
perceiver,study,Round-Robin (Video),Dyadic interaction,Interactant,0.2857,0.1174,0.1174,0.1148,0.1199
perceiver,study,Round-Robin (Video),Dyadic interaction,Interactant,0.3061,0.1173,0.1174,0.1147,0.1199
perceiver,study,Round-Robin (Video),Dyadic interaction,Interactant,0.3265,0.1172,0.1172,0.1146,0.1198
perceiver,study,Round-Robin (Video),Dyadic interaction,Interactant,0.3469,0.1171,0.117,0.1144,0.1198
perceiver,study,Round-Robin (Video),Dyadic interaction,Interactant,0.3673,0.117,0.1169,0.1144,0.1197
perceiver,study,Round-Robin (Video),Dyadic interaction,Interactant,0.3878,0.1171,0.117,0.1145,0.1198
perceiver,study,Round-Robin (Video),Dyadic interaction,Interactant,0.4082,0.1172,0.1171,0.1147,0.12
perceiver,study,Round-Robin (Video),Dyadic interaction,Interactant,0.4286,0.1175,0.1175,0.1149,0.1202
perceiver,study,Round-Robin (Video),Dyadic interaction,Interactant,0.449,0.1178,0.1178,0.1151,0.1206
perceiver,study,Round-Robin (Video),Dyadic interaction,Interactant,0.4694,0.1181,0.1182,0.1152,0.1209
perceiver,study,Round-Robin (Video),Dyadic interaction,Interactant,0.4898,0.1184,0.1185,0.1152,0.1214
perceiver,study,Round-Robin (Video),Dyadic interaction,Interactant,0.5102,0.1187,0.1187,0.1152,0.1219
perceiver,study,Round-Robin (Video),Dyadic interaction,Interactant,0.5306,0.1188,0.1188,0.1151,0.1224
perceiver,study,Round-Robin (Video),Dyadic interaction,Interactant,0.551,0.1189,0.1188,0.115,0.1228
perceiver,study,Round-Robin (Video),Dyadic interaction,Interactant,0.5714,0.1189,0.1188,0.1149,0.1231
perceiver,study,Round-Robin (Video),Dyadic interaction,Interactant,0.5918,0.1189,0.1188,0.1148,0.123
perceiver,study,Round-Robin (Video),Dyadic interaction,Interactant,0.6122,0.1189,0.1187,0.1149,0.1231
perceiver,study,Round-Robin (Video),Dyadic interaction,Interactant,0.6327,0.1188,0.1188,0.1149,0.1228
perceiver,study,Round-Robin (Video),Dyadic interaction,Interactant,0.6531,0.1188,0.1188,0.1152,0.1225
perceiver,study,Round-Robin (Video),Dyadic interaction,Interactant,0.6735,0.1188,0.1187,0.1155,0.1222
perceiver,study,Round-Robin (Video),Dyadic interaction,Interactant,0.6939,0.1189,0.1188,0.1159,0.1219
perceiver,study,Round-Robin (Video),Dyadic interaction,Interactant,0.7143,0.119,0.1189,0.1163,0.1217
perceiver,study,Round-Robin (Video),Dyadic interaction,Interactant,0.7347,0.119,0.119,0.1165,0.1217
perceiver,study,Round-Robin (Video),Dyadic interaction,Interactant,0.7551,0.1191,0.119,0.1166,0.1217
perceiver,study,Round-Robin (Video),Dyadic interaction,Interactant,0.7755,0.1191,0.119,0.1165,0.1218
perceiver,study,Round-Robin (Video),Dyadic interaction,Interactant,0.7959,0.1191,0.1191,0.1164,0.1219
perceiver,study,Round-Robin (Video),Dyadic interaction,Interactant,0.8163,0.119,0.1189,0.1162,0.1222
perceiver,study,Round-Robin (Video),Dyadic interaction,Interactant,0.8367,0.119,0.1189,0.1157,0.1226
perceiver,study,Round-Robin (Video),Dyadic interaction,Interactant,0.8571,0.119,0.1188,0.1152,0.1231
perceiver,study,Round-Robin (Video),Dyadic interaction,Interactant,0.8776,0.119,0.1188,0.1146,0.1235
perceiver,study,Round-Robin (Video),Dyadic interaction,Interactant,0.898,0.1192,0.119,0.1144,0.1241
perceiver,study,Round-Robin (Video),Dyadic interaction,Interactant,0.9184,0.1196,0.1193,0.1145,0.1247
perceiver,study,Round-Robin (Video),Dyadic interaction,Interactant,0.9388,0.1201,0.1197,0.1151,0.1255
perceiver,study,Round-Robin (Video),Dyadic interaction,Interactant,0.9592,0.1208,0.1202,0.1161,0.1262
perceiver,study,Round-Robin (Video),Dyadic interaction,Interactant,0.9796,0.1216,0.1208,0.1175,0.1268
perceiver,study,Round-Robin (Video),Dyadic interaction,Interactant,1.0,0.1225,0.1221,0.1189,0.1273
perceiver,study,Round-Robin (Video),Dyadic interaction,Target,0.0,0.1206,0.1204,0.1184,0.1231
perceiver,study,Round-Robin (Video),Dyadic interaction,Target,0.0204,0.1206,0.1204,0.1185,0.123
perceiver,study,Round-Robin (Video),Dyadic interaction,Target,0.0408,0.1206,0.1205,0.1185,0.123
perceiver,study,Round-Robin (Video),Dyadic interaction,Target,0.0612,0.1206,0.1205,0.1186,0.1228
perceiver,study,Round-Robin (Video),Dyadic interaction,Target,0.0816,0.1205,0.1204,0.1186,0.1227
perceiver,study,Round-Robin (Video),Dyadic interaction,Target,0.102,0.1205,0.1203,0.1185,0.1225
perceiver,study,Round-Robin (Video),Dyadic interaction,Target,0.1224,0.1204,0.1202,0.1185,0.1224
perceiver,study,Round-Robin (Video),Dyadic interaction,Target,0.1429,0.1203,0.1202,0.1184,0.1223
perceiver,study,Round-Robin (Video),Dyadic interaction,Target,0.1633,0.1202,0.1201,0.1183,0.1222
perceiver,study,Round-Robin (Video),Dyadic interaction,Target,0.1837,0.1201,0.1201,0.1182,0.1221
perceiver,study,Round-Robin (Video),Dyadic interaction,Target,0.2041,0.1201,0.12,0.1181,0.122
perceiver,study,Round-Robin (Video),Dyadic interaction,Target,0.2245,0.12,0.12,0.1181,0.1219
perceiver,study,Round-Robin (Video),Dyadic interaction,Target,0.2449,0.12,0.12,0.1182,0.1219
perceiver,study,Round-Robin (Video),Dyadic interaction,Target,0.2653,0.12,0.12,0.1182,0.1219
perceiver,study,Round-Robin (Video),Dyadic interaction,Target,0.2857,0.12,0.12,0.1183,0.1219
perceiver,study,Round-Robin (Video),Dyadic interaction,Target,0.3061,0.12,0.12,0.1182,0.1219
perceiver,study,Round-Robin (Video),Dyadic interaction,Target,0.3265,0.12,0.12,0.1182,0.1219
perceiver,study,Round-Robin (Video),Dyadic interaction,Target,0.3469,0.12,0.12,0.1181,0.1219
perceiver,study,Round-Robin (Video),Dyadic interaction,Target,0.3673,0.12,0.1199,0.1181,0.1219
perceiver,study,Round-Robin (Video),Dyadic interaction,Target,0.3878,0.1199,0.1199,0.118,0.1218
perceiver,study,Round-Robin (Video),Dyadic interaction,Target,0.4082,0.1198,0.1198,0.1179,0.1217
perceiver,study,Round-Robin (Video),Dyadic interaction,Target,0.4286,0.1197,0.1197,0.1178,0.1216
perceiver,study,Round-Robin (Video),Dyadic interaction,Target,0.449,0.1196,0.1196,0.1177,0.1215
perceiver,study,Round-Robin (Video),Dyadic interaction,Target,0.4694,0.1195,0.1195,0.1176,0.1214
perceiver,study,Round-Robin (Video),Dyadic interaction,Target,0.4898,0.1194,0.1194,0.1174,0.1213
perceiver,study,Round-Robin (Video),Dyadic interaction,Target,0.5102,0.1193,0.1193,0.1173,0.1212
perceiver,study,Round-Robin (Video),Dyadic interaction,Target,0.5306,0.1192,0.1192,0.1173,0.1211
perceiver,study,Round-Robin (Video),Dyadic interaction,Target,0.551,0.1191,0.1192,0.1172,0.121
perceiver,study,Round-Robin (Video),Dyadic interaction,Target,0.5714,0.1191,0.1192,0.1172,0.121
perceiver,study,Round-Robin (Video),Dyadic interaction,Target,0.5918,0.1191,0.1192,0.1171,0.121
perceiver,study,Round-Robin (Video),Dyadic interaction,Target,0.6122,0.1191,0.1192,0.1171,0.121
perceiver,study,Round-Robin (Video),Dyadic interaction,Target,0.6327,0.1192,0.1192,0.1172,0.1211
perceiver,study,Round-Robin (Video),Dyadic interaction,Target,0.6531,0.1192,0.1193,0.1172,0.1211
perceiver,study,Round-Robin (Video),Dyadic interaction,Target,0.6735,0.1192,0.1193,0.1172,0.1212
perceiver,study,Round-Robin (Video),Dyadic interaction,Target,0.6939,0.1193,0.1193,0.1172,0.1212
perceiver,study,Round-Robin (Video),Dyadic interaction,Target,0.7143,0.1193,0.1194,0.1173,0.1212
perceiver,study,Round-Robin (Video),Dyadic interaction,Target,0.7347,0.1193,0.1194,0.1173,0.1212
perceiver,study,Round-Robin (Video),Dyadic interaction,Target,0.7551,0.1193,0.1194,0.1174,0.1212
perceiver,study,Round-Robin (Video),Dyadic interaction,Target,0.7755,0.1193,0.1194,0.1174,0.1213
perceiver,study,Round-Robin (Video),Dyadic interaction,Target,0.7959,0.1193,0.1194,0.1174,0.1213
perceiver,study,Round-Robin (Video),Dyadic interaction,Target,0.8163,0.1194,0.1194,0.1174,0.1213
perceiver,study,Round-Robin (Video),Dyadic interaction,Target,0.8367,0.1194,0.1194,0.1174,0.1213
perceiver,study,Round-Robin (Video),Dyadic interaction,Target,0.8571,0.1194,0.1194,0.1174,0.1214
perceiver,study,Round-Robin (Video),Dyadic interaction,Target,0.8776,0.1195,0.1195,0.1175,0.1214
perceiver,study,Round-Robin (Video),Dyadic interaction,Target,0.898,0.1196,0.1195,0.1175,0.1214
perceiver,study,Round-Robin (Video),Dyadic interaction,Target,0.9184,0.1196,0.1196,0.1176,0.1216
perceiver,study,Round-Robin (Video),Dyadic interaction,Target,0.9388,0.1197,0.1197,0.1177,0.1218
perceiver,study,Round-Robin (Video),Dyadic interaction,Target,0.9592,0.1198,0.1198,0.1178,0.1219
perceiver,study,Round-Robin (Video),Dyadic interaction,Target,0.9796,0.1199,0.1199,0.1179,0.122
perceiver,study,Round-Robin (Video),Dyadic interaction,Target,1.0,0.12,0.1199,0.1178,0.1221
perceiver,study,Round-Robin (In Person),Dyadic interaction,Interactant,0.0,0.0778,0.0779,0.0733,0.0823
perceiver,study,Round-Robin (In Person),Dyadic interaction,Interactant,0.0204,0.0823,0.0823,0.079,0.0853
perceiver,study,Round-Robin (In Person),Dyadic interaction,Interactant,0.0408,0.0869,0.087,0.0846,0.0889
perceiver,study,Round-Robin (In Person),Dyadic interaction,Interactant,0.0612,0.0914,0.0914,0.0896,0.0933
perceiver,study,Round-Robin (In Person),Dyadic interaction,Interactant,0.0816,0.0956,0.0957,0.0937,0.0976
perceiver,study,Round-Robin (In Person),Dyadic interaction,Interactant,0.102,0.0993,0.0994,0.0973,0.1015
perceiver,study,Round-Robin (In Person),Dyadic interaction,Interactant,0.1224,0.1024,0.1023,0.1002,0.1044
perceiver,study,Round-Robin (In Person),Dyadic interaction,Interactant,0.1429,0.1047,0.1047,0.1026,0.1067
perceiver,study,Round-Robin (In Person),Dyadic interaction,Interactant,0.1633,0.1064,0.1065,0.1042,0.1085
perceiver,study,Round-Robin (In Person),Dyadic interaction,Interactant,0.1837,0.1076,0.1077,0.1054,0.1097
perceiver,study,Round-Robin (In Person),Dyadic interaction,Interactant,0.2041,0.1083,0.1083,0.1061,0.1104
perceiver,study,Round-Robin (In Person),Dyadic interaction,Interactant,0.2245,0.1087,0.1088,0.1065,0.1108
perceiver,study,Round-Robin (In Person),Dyadic interaction,Interactant,0.2449,0.109,0.109,0.1068,0.111
perceiver,study,Round-Robin (In Person),Dyadic interaction,Interactant,0.2653,0.1092,0.1092,0.107,0.1111
perceiver,study,Round-Robin (In Person),Dyadic interaction,Interactant,0.2857,0.1095,0.1095,0.1073,0.1114
perceiver,study,Round-Robin (In Person),Dyadic interaction,Interactant,0.3061,0.1098,0.1098,0.1077,0.1117
perceiver,study,Round-Robin (In Person),Dyadic interaction,Interactant,0.3265,0.1102,0.1102,0.1083,0.1121
perceiver,study,Round-Robin (In Person),Dyadic interaction,Interactant,0.3469,0.1107,0.1107,0.1088,0.1126
perceiver,study,Round-Robin (In Person),Dyadic interaction,Interactant,0.3673,0.1112,0.1111,0.1092,0.1132
perceiver,study,Round-Robin (In Person),Dyadic interaction,Interactant,0.3878,0.1116,0.1115,0.1095,0.1137
perceiver,study,Round-Robin (In Person),Dyadic interaction,Interactant,0.4082,0.1119,0.1118,0.1098,0.1141
perceiver,study,Round-Robin (In Person),Dyadic interaction,Interactant,0.4286,0.112,0.1119,0.11,0.1142
perceiver,study,Round-Robin (In Person),Dyadic interaction,Interactant,0.449,0.112,0.1119,0.1099,0.1142
perceiver,study,Round-Robin (In Person),Dyadic interaction,Interactant,0.4694,0.1119,0.1118,0.1098,0.114
perceiver,study,Round-Robin (In Person),Dyadic interaction,Interactant,0.4898,0.1116,0.1116,0.1097,0.1137
perceiver,study,Round-Robin (In Person),Dyadic interaction,Interactant,0.5102,0.1114,0.1113,0.1094,0.1134
perceiver,study,Round-Robin (In Person),Dyadic interaction,Interactant,0.5306,0.1111,0.1111,0.109,0.113
perceiver,study,Round-Robin (In Person),Dyadic interaction,Interactant,0.551,0.1109,0.111,0.109,0.1129
perceiver,study,Round-Robin (In Person),Dyadic interaction,Interactant,0.5714,0.1109,0.1108,0.1089,0.1129
perceiver,study,Round-Robin (In Person),Dyadic interaction,Interactant,0.5918,0.1109,0.1109,0.109,0.1129
perceiver,study,Round-Robin (In Person),Dyadic interaction,Interactant,0.6122,0.1111,0.1111,0.1092,0.1132
perceiver,study,Round-Robin (In Person),Dyadic interaction,Interactant,0.6327,0.1114,0.1113,0.1095,0.1134
perceiver,study,Round-Robin (In Person),Dyadic interaction,Interactant,0.6531,0.1116,0.1116,0.1097,0.1137
perceiver,study,Round-Robin (In Person),Dyadic interaction,Interactant,0.6735,0.1119,0.1118,0.1099,0.114
perceiver,study,Round-Robin (In Person),Dyadic interaction,Interactant,0.6939,0.1121,0.112,0.1101,0.1143
perceiver,study,Round-Robin (In Person),Dyadic interaction,Interactant,0.7143,0.1121,0.1121,0.1101,0.1144
perceiver,study,Round-Robin (In Person),Dyadic interaction,Interactant,0.7347,0.112,0.1119,0.1101,0.1143
perceiver,study,Round-Robin (In Person),Dyadic interaction,Interactant,0.7551,0.1117,0.1117,0.1098,0.1139
perceiver,study,Round-Robin (In Person),Dyadic interaction,Interactant,0.7755,0.1113,0.1113,0.1093,0.1133
perceiver,study,Round-Robin (In Person),Dyadic interaction,Interactant,0.7959,0.1108,0.1107,0.1088,0.1129
perceiver,study,Round-Robin (In Person),Dyadic interaction,Interactant,0.8163,0.1103,0.1103,0.1084,0.1125
perceiver,study,Round-Robin (In Person),Dyadic interaction,Interactant,0.8367,0.1099,0.1098,0.1078,0.1121
perceiver,study,Round-Robin (In Person),Dyadic interaction,Interactant,0.8571,0.1095,0.1095,0.1074,0.1119
perceiver,study,Round-Robin (In Person),Dyadic interaction,Interactant,0.8776,0.1094,0.1093,0.1071,0.1117
perceiver,study,Round-Robin (In Person),Dyadic interaction,Interactant,0.898,0.1095,0.1094,0.1072,0.1118
perceiver,study,Round-Robin (In Person),Dyadic interaction,Interactant,0.9184,0.1098,0.1097,0.1074,0.1122
perceiver,study,Round-Robin (In Person),Dyadic interaction,Interactant,0.9388,0.1103,0.1102,0.108,0.1126
perceiver,study,Round-Robin (In Person),Dyadic interaction,Interactant,0.9592,0.1109,0.1109,0.1082,0.1136
perceiver,study,Round-Robin (In Person),Dyadic interaction,Interactant,0.9796,0.1117,0.1117,0.1082,0.1152
perceiver,study,Round-Robin (In Person),Dyadic interaction,Interactant,1.0,0.1125,0.1125,0.1078,0.1172
perceiver,study,Round-Robin (In Person),Dyadic interaction,Target,0.0,0.1115,0.1114,0.1097,0.1136
perceiver,study,Round-Robin (In Person),Dyadic interaction,Target,0.0204,0.1113,0.1113,0.1096,0.1133
perceiver,study,Round-Robin (In Person),Dyadic interaction,Target,0.0408,0.1111,0.1111,0.1094,0.113
perceiver,study,Round-Robin (In Person),Dyadic interaction,Target,0.0612,0.111,0.1109,0.1094,0.1126
perceiver,study,Round-Robin (In Person),Dyadic interaction,Target,0.0816,0.1108,0.1107,0.1093,0.1124
perceiver,study,Round-Robin (In Person),Dyadic interaction,Target,0.102,0.1106,0.1106,0.109,0.1122
perceiver,study,Round-Robin (In Person),Dyadic interaction,Target,0.1224,0.1105,0.1105,0.1088,0.1121
perceiver,study,Round-Robin (In Person),Dyadic interaction,Target,0.1429,0.1104,0.1104,0.1087,0.112
perceiver,study,Round-Robin (In Person),Dyadic interaction,Target,0.1633,0.1104,0.1105,0.1088,0.112
perceiver,study,Round-Robin (In Person),Dyadic interaction,Target,0.1837,0.1105,0.1105,0.1089,0.112
perceiver,study,Round-Robin (In Person),Dyadic interaction,Target,0.2041,0.1105,0.1105,0.1089,0.1121
perceiver,study,Round-Robin (In Person),Dyadic interaction,Target,0.2245,0.1106,0.1106,0.1091,0.1122
perceiver,study,Round-Robin (In Person),Dyadic interaction,Target,0.2449,0.1107,0.1107,0.1091,0.1124
perceiver,study,Round-Robin (In Person),Dyadic interaction,Target,0.2653,0.1108,0.1108,0.1092,0.1125
perceiver,study,Round-Robin (In Person),Dyadic interaction,Target,0.2857,0.1109,0.1109,0.1093,0.1125
perceiver,study,Round-Robin (In Person),Dyadic interaction,Target,0.3061,0.1109,0.1109,0.1093,0.1124
perceiver,study,Round-Robin (In Person),Dyadic interaction,Target,0.3265,0.1108,0.1108,0.1093,0.1125
perceiver,study,Round-Robin (In Person),Dyadic interaction,Target,0.3469,0.1107,0.1107,0.1092,0.1123
perceiver,study,Round-Robin (In Person),Dyadic interaction,Target,0.3673,0.1106,0.1106,0.109,0.1121
perceiver,study,Round-Robin (In Person),Dyadic interaction,Target,0.3878,0.1104,0.1105,0.1089,0.1119
perceiver,study,Round-Robin (In Person),Dyadic interaction,Target,0.4082,0.1102,0.1103,0.1086,0.1117
perceiver,study,Round-Robin (In Person),Dyadic interaction,Target,0.4286,0.1101,0.1102,0.1085,0.1116
perceiver,study,Round-Robin (In Person),Dyadic interaction,Target,0.449,0.1099,0.1101,0.1082,0.1116
perceiver,study,Round-Robin (In Person),Dyadic interaction,Target,0.4694,0.1099,0.11,0.108,0.1115
perceiver,study,Round-Robin (In Person),Dyadic interaction,Target,0.4898,0.1099,0.1099,0.108,0.1116
perceiver,study,Round-Robin (In Person),Dyadic interaction,Target,0.5102,0.1099,0.11,0.108,0.1117
perceiver,study,Round-Robin (In Person),Dyadic interaction,Target,0.5306,0.11,0.1101,0.1081,0.1117
perceiver,study,Round-Robin (In Person),Dyadic interaction,Target,0.551,0.1102,0.1102,0.1083,0.1119
perceiver,study,Round-Robin (In Person),Dyadic interaction,Target,0.5714,0.1104,0.1104,0.1087,0.1121
perceiver,study,Round-Robin (In Person),Dyadic interaction,Target,0.5918,0.1106,0.1106,0.109,0.1124
perceiver,study,Round-Robin (In Person),Dyadic interaction,Target,0.6122,0.1108,0.1108,0.1092,0.1125
perceiver,study,Round-Robin (In Person),Dyadic interaction,Target,0.6327,0.111,0.111,0.1095,0.1126
perceiver,study,Round-Robin (In Person),Dyadic interaction,Target,0.6531,0.1112,0.1111,0.1097,0.1127
perceiver,study,Round-Robin (In Person),Dyadic interaction,Target,0.6735,0.1113,0.1112,0.1098,0.1128
perceiver,study,Round-Robin (In Person),Dyadic interaction,Target,0.6939,0.1113,0.1113,0.1098,0.1129
perceiver,study,Round-Robin (In Person),Dyadic interaction,Target,0.7143,0.1114,0.1114,0.1099,0.1129
perceiver,study,Round-Robin (In Person),Dyadic interaction,Target,0.7347,0.1114,0.1115,0.1099,0.113
perceiver,study,Round-Robin (In Person),Dyadic interaction,Target,0.7551,0.1115,0.1115,0.11,0.113
perceiver,study,Round-Robin (In Person),Dyadic interaction,Target,0.7755,0.1115,0.1116,0.11,0.1131
perceiver,study,Round-Robin (In Person),Dyadic interaction,Target,0.7959,0.1116,0.1116,0.1101,0.1132
perceiver,study,Round-Robin (In Person),Dyadic interaction,Target,0.8163,0.1117,0.1117,0.1102,0.1134
perceiver,study,Round-Robin (In Person),Dyadic interaction,Target,0.8367,0.1118,0.1118,0.1103,0.1136
perceiver,study,Round-Robin (In Person),Dyadic interaction,Target,0.8571,0.112,0.1119,0.1104,0.1138
perceiver,study,Round-Robin (In Person),Dyadic interaction,Target,0.8776,0.1122,0.1122,0.1105,0.1141
perceiver,study,Round-Robin (In Person),Dyadic interaction,Target,0.898,0.1124,0.1123,0.1106,0.1144
perceiver,study,Round-Robin (In Person),Dyadic interaction,Target,0.9184,0.1125,0.1125,0.1106,0.1147
perceiver,study,Round-Robin (In Person),Dyadic interaction,Target,0.9388,0.1127,0.1126,0.1106,0.115
perceiver,study,Round-Robin (In Person),Dyadic interaction,Target,0.9592,0.1128,0.1126,0.1106,0.1152
perceiver,study,Round-Robin (In Person),Dyadic interaction,Target,0.9796,0.1128,0.1125,0.1105,0.1156
perceiver,study,Round-Robin (In Person),Dyadic interaction,Target,1.0,0.1128,0.1125,0.1104,0.1156
target,study,Round-Robin (Video),Dyadic interaction,Interactant,0.0,0.125,0.1257,0.1174,0.1319
target,study,Round-Robin (Video),Dyadic interaction,Target,0.0,0.1388,0.1385,0.1348,0.143
target,study,Round-Robin (Video),Dyadic interaction,Interactant,0.0204,0.1247,0.1252,0.118,0.1311
target,study,Round-Robin (Video),Dyadic interaction,Target,0.0204,0.1388,0.1385,0.1349,0.1428
target,study,Round-Robin (Video),Dyadic interaction,Interactant,0.0408,0.1248,0.1251,0.1187,0.1305
target,study,Round-Robin (Video),Dyadic interaction,Target,0.0408,0.1387,0.1384,0.1352,0.1424
target,study,Round-Robin (Video),Dyadic interaction,Interactant,0.0612,0.1252,0.1252,0.1199,0.1302
target,study,Round-Robin (Video),Dyadic interaction,Target,0.0612,0.1384,0.1382,0.1351,0.1419
target,study,Round-Robin (Video),Dyadic interaction,Interactant,0.0816,0.1259,0.126,0.1213,0.1302
target,study,Round-Robin (Video),Dyadic interaction,Target,0.0816,0.1381,0.1379,0.1351,0.1413
target,study,Round-Robin (Video),Dyadic interaction,Interactant,0.102,0.1268,0.1268,0.123,0.1304
target,study,Round-Robin (Video),Dyadic interaction,Target,0.102,0.1376,0.1376,0.1347,0.1407
target,study,Round-Robin (Video),Dyadic interaction,Interactant,0.1224,0.1279,0.1278,0.1246,0.1311
target,study,Round-Robin (Video),Dyadic interaction,Target,0.1224,0.1372,0.1372,0.1344,0.1402
target,study,Round-Robin (Video),Dyadic interaction,Interactant,0.1429,0.129,0.129,0.1262,0.132
target,study,Round-Robin (Video),Dyadic interaction,Target,0.1429,0.1368,0.1368,0.134,0.1394
target,study,Round-Robin (Video),Dyadic interaction,Interactant,0.1633,0.1302,0.1302,0.1276,0.1329
target,study,Round-Robin (Video),Dyadic interaction,Target,0.1633,0.1364,0.1365,0.1337,0.1388
target,study,Round-Robin (Video),Dyadic interaction,Interactant,0.1837,0.1312,0.1312,0.1285,0.1339
target,study,Round-Robin (Video),Dyadic interaction,Target,0.1837,0.1361,0.1363,0.1333,0.1385
target,study,Round-Robin (Video),Dyadic interaction,Interactant,0.2041,0.1321,0.132,0.1293,0.1348
target,study,Round-Robin (Video),Dyadic interaction,Target,0.2041,0.1359,0.136,0.1333,0.1383
target,study,Round-Robin (Video),Dyadic interaction,Interactant,0.2245,0.1327,0.1327,0.13,0.1354
target,study,Round-Robin (Video),Dyadic interaction,Target,0.2245,0.1358,0.1359,0.1332,0.1383
target,study,Round-Robin (Video),Dyadic interaction,Interactant,0.2449,0.1331,0.1331,0.1306,0.1357
target,study,Round-Robin (Video),Dyadic interaction,Target,0.2449,0.1359,0.1359,0.1333,0.1384
target,study,Round-Robin (Video),Dyadic interaction,Interactant,0.2653,0.1334,0.1333,0.131,0.1359
target,study,Round-Robin (Video),Dyadic interaction,Target,0.2653,0.1359,0.136,0.1336,0.1383
target,study,Round-Robin (Video),Dyadic interaction,Interactant,0.2857,0.1335,0.1333,0.1312,0.136
target,study,Round-Robin (Video),Dyadic interaction,Target,0.2857,0.1361,0.1361,0.1337,0.1383
target,study,Round-Robin (Video),Dyadic interaction,Interactant,0.3061,0.1335,0.1334,0.1311,0.136
target,study,Round-Robin (Video),Dyadic interaction,Target,0.3061,0.1362,0.1363,0.134,0.1385
target,study,Round-Robin (Video),Dyadic interaction,Interactant,0.3265,0.1335,0.1335,0.1311,0.136
target,study,Round-Robin (Video),Dyadic interaction,Target,0.3265,0.1364,0.1364,0.1341,0.1386
target,study,Round-Robin (Video),Dyadic interaction,Interactant,0.3469,0.1335,0.1335,0.131,0.136
target,study,Round-Robin (Video),Dyadic interaction,Target,0.3469,0.1365,0.1365,0.1342,0.1386
target,study,Round-Robin (Video),Dyadic interaction,Interactant,0.3673,0.1337,0.1337,0.131,0.1362
target,study,Round-Robin (Video),Dyadic interaction,Target,0.3673,0.1365,0.1365,0.1343,0.1386
target,study,Round-Robin (Video),Dyadic interaction,Interactant,0.3878,0.134,0.1339,0.1314,0.1365
target,study,Round-Robin (Video),Dyadic interaction,Target,0.3878,0.1365,0.1365,0.1342,0.1386
target,study,Round-Robin (Video),Dyadic interaction,Interactant,0.4082,0.1344,0.1344,0.1319,0.1368
target,study,Round-Robin (Video),Dyadic interaction,Target,0.4082,0.1365,0.1365,0.1341,0.1386
target,study,Round-Robin (Video),Dyadic interaction,Interactant,0.4286,0.135,0.135,0.1325,0.1374
target,study,Round-Robin (Video),Dyadic interaction,Target,0.4286,0.1364,0.1365,0.134,0.1387
target,study,Round-Robin (Video),Dyadic interaction,Interactant,0.449,0.1356,0.1356,0.1332,0.1381
target,study,Round-Robin (Video),Dyadic interaction,Target,0.449,0.1364,0.1365,0.134,0.1385
target,study,Round-Robin (Video),Dyadic interaction,Interactant,0.4694,0.1363,0.1362,0.1339,0.1388
target,study,Round-Robin (Video),Dyadic interaction,Target,0.4694,0.1364,0.1365,0.134,0.1386
target,study,Round-Robin (Video),Dyadic interaction,Interactant,0.4898,0.137,0.137,0.1345,0.1397
target,study,Round-Robin (Video),Dyadic interaction,Target,0.4898,0.1365,0.1365,0.1342,0.1387
target,study,Round-Robin (Video),Dyadic interaction,Interactant,0.5102,0.1377,0.1376,0.1351,0.1404
target,study,Round-Robin (Video),Dyadic interaction,Target,0.5102,0.1366,0.1366,0.1344,0.1389
target,study,Round-Robin (Video),Dyadic interaction,Interactant,0.5306,0.1382,0.1381,0.1356,0.141
target,study,Round-Robin (Video),Dyadic interaction,Target,0.5306,0.1368,0.1368,0.1346,0.1391
target,study,Round-Robin (Video),Dyadic interaction,Interactant,0.551,0.1386,0.1384,0.136,0.1413
target,study,Round-Robin (Video),Dyadic interaction,Target,0.551,0.1371,0.137,0.1349,0.1394
target,study,Round-Robin (Video),Dyadic interaction,Interactant,0.5714,0.1387,0.1386,0.1361,0.1413
target,study,Round-Robin (Video),Dyadic interaction,Target,0.5714,0.1373,0.1372,0.1351,0.1397
target,study,Round-Robin (Video),Dyadic interaction,Interactant,0.5918,0.1386,0.1386,0.136,0.1411
target,study,Round-Robin (Video),Dyadic interaction,Target,0.5918,0.1375,0.1374,0.1353,0.1399
target,study,Round-Robin (Video),Dyadic interaction,Interactant,0.6122,0.1384,0.1383,0.1358,0.1408
target,study,Round-Robin (Video),Dyadic interaction,Target,0.6122,0.1377,0.1375,0.1354,0.14
target,study,Round-Robin (Video),Dyadic interaction,Interactant,0.6327,0.1379,0.1378,0.1355,0.1404
target,study,Round-Robin (Video),Dyadic interaction,Target,0.6327,0.1377,0.1375,0.1354,0.14
target,study,Round-Robin (Video),Dyadic interaction,Interactant,0.6531,0.1373,0.1373,0.1349,0.1399
target,study,Round-Robin (Video),Dyadic interaction,Target,0.6531,0.1375,0.1375,0.1352,0.1398
target,study,Round-Robin (Video),Dyadic interaction,Interactant,0.6735,0.1366,0.1366,0.1342,0.1392
target,study,Round-Robin (Video),Dyadic interaction,Target,0.6735,0.1372,0.1372,0.1349,0.1395
target,study,Round-Robin (Video),Dyadic interaction,Interactant,0.6939,0.1359,0.1359,0.1334,0.1383
target,study,Round-Robin (Video),Dyadic interaction,Target,0.6939,0.1368,0.1368,0.1344,0.1389
target,study,Round-Robin (Video),Dyadic interaction,Interactant,0.7143,0.1352,0.1352,0.1326,0.1376
target,study,Round-Robin (Video),Dyadic interaction,Target,0.7143,0.1363,0.1363,0.134,0.1384
target,study,Round-Robin (Video),Dyadic interaction,Interactant,0.7347,0.1345,0.1345,0.1321,0.1368
target,study,Round-Robin (Video),Dyadic interaction,Target,0.7347,0.1357,0.1357,0.1334,0.1379
target,study,Round-Robin (Video),Dyadic interaction,Interactant,0.7551,0.1338,0.1338,0.1315,0.1363
target,study,Round-Robin (Video),Dyadic interaction,Target,0.7551,0.1352,0.1352,0.1329,0.1375
target,study,Round-Robin (Video),Dyadic interaction,Interactant,0.7755,0.1334,0.1334,0.1311,0.1358
target,study,Round-Robin (Video),Dyadic interaction,Target,0.7755,0.1349,0.1348,0.1325,0.1374
target,study,Round-Robin (Video),Dyadic interaction,Interactant,0.7959,0.133,0.133,0.1308,0.1354
target,study,Round-Robin (Video),Dyadic interaction,Target,0.7959,0.1347,0.1346,0.1323,0.1373
target,study,Round-Robin (Video),Dyadic interaction,Interactant,0.8163,0.1329,0.1329,0.1306,0.1352
target,study,Round-Robin (Video),Dyadic interaction,Target,0.8163,0.1347,0.1346,0.1322,0.1373
target,study,Round-Robin (Video),Dyadic interaction,Interactant,0.8367,0.1329,0.133,0.1307,0.1351
target,study,Round-Robin (Video),Dyadic interaction,Target,0.8367,0.135,0.135,0.1326,0.1375
target,study,Round-Robin (Video),Dyadic interaction,Interactant,0.8571,0.1331,0.1333,0.131,0.1354
target,study,Round-Robin (Video),Dyadic interaction,Target,0.8571,0.1356,0.1355,0.1331,0.138
target,study,Round-Robin (Video),Dyadic interaction,Interactant,0.8776,0.1335,0.1336,0.1313,0.1358
target,study,Round-Robin (Video),Dyadic interaction,Target,0.8776,0.1364,0.1363,0.1341,0.1387
target,study,Round-Robin (Video),Dyadic interaction,Interactant,0.898,0.1341,0.1342,0.1317,0.1363
target,study,Round-Robin (Video),Dyadic interaction,Target,0.898,0.1373,0.1373,0.1352,0.1394
target,study,Round-Robin (Video),Dyadic interaction,Interactant,0.9184,0.1348,0.1348,0.1325,0.1369
target,study,Round-Robin (Video),Dyadic interaction,Target,0.9184,0.1384,0.1384,0.1363,0.1405
target,study,Round-Robin (Video),Dyadic interaction,Interactant,0.9388,0.1356,0.1356,0.1332,0.1379
target,study,Round-Robin (Video),Dyadic interaction,Target,0.9388,0.1395,0.1394,0.1374,0.1416
target,study,Round-Robin (Video),Dyadic interaction,Interactant,0.9592,0.1364,0.1364,0.1343,0.1388
target,study,Round-Robin (Video),Dyadic interaction,Target,0.9592,0.1405,0.1404,0.1381,0.1429
target,study,Round-Robin (Video),Dyadic interaction,Interactant,0.9796,0.1372,0.1372,0.135,0.1396
target,study,Round-Robin (Video),Dyadic interaction,Target,0.9796,0.1413,0.1412,0.1386,0.1441
target,study,Round-Robin (Video),Dyadic interaction,Interactant,1.0,0.138,0.138,0.1354,0.1407
target,study,Round-Robin (Video),Dyadic interaction,Target,1.0,0.1419,0.1417,0.1388,0.145
target,study,STEM,Dyadic interaction,Interactant,0.0,0.1655,0.1659,0.1592,0.171
target,study,STEM,Dyadic interaction,Target,0.0,0.1528,0.1529,0.1417,0.1634
target,study,STEM,Dyadic interaction,Interactant,0.0204,0.1657,0.166,0.1599,0.1708
target,study,STEM,Dyadic interaction,Target,0.0204,0.157,0.1571,0.1486,0.1656
target,study,STEM,Dyadic interaction,Interactant,0.0408,0.166,0.1663,0.1609,0.1709
target,study,STEM,Dyadic interaction,Target,0.0408,0.1618,0.1616,0.1552,0.1686
target,study,STEM,Dyadic interaction,Interactant,0.0612,0.1665,0.1666,0.1618,0.1711
target,study,STEM,Dyadic interaction,Target,0.0612,0.167,0.1669,0.1619,0.1721
target,study,STEM,Dyadic interaction,Interactant,0.0816,0.1671,0.1672,0.1625,0.1714
target,study,STEM,Dyadic interaction,Target,0.0816,0.172,0.1721,0.1673,0.1767
target,study,STEM,Dyadic interaction,Interactant,0.102,0.1677,0.1678,0.1634,0.1719
target,study,STEM,Dyadic interaction,Target,0.102,0.1766,0.1768,0.1718,0.1816
target,study,STEM,Dyadic interaction,Interactant,0.1224,0.1682,0.1685,0.1639,0.1723
target,study,STEM,Dyadic interaction,Target,0.1224,0.1805,0.1805,0.1757,0.1857
target,study,STEM,Dyadic interaction,Interactant,0.1429,0.1688,0.169,0.1643,0.1728
target,study,STEM,Dyadic interaction,Target,0.1429,0.1836,0.1836,0.1786,0.1891
target,study,STEM,Dyadic interaction,Interactant,0.1633,0.1692,0.1693,0.1648,0.1734
target,study,STEM,Dyadic interaction,Target,0.1633,0.1857,0.1858,0.1804,0.1908
target,study,STEM,Dyadic interaction,Interactant,0.1837,0.1695,0.1695,0.1651,0.1739
target,study,STEM,Dyadic interaction,Target,0.1837,0.1869,0.187,0.1819,0.192
target,study,STEM,Dyadic interaction,Interactant,0.2041,0.1697,0.1696,0.1655,0.1741
target,study,STEM,Dyadic interaction,Target,0.2041,0.1875,0.1875,0.1824,0.1922
target,study,STEM,Dyadic interaction,Interactant,0.2245,0.1697,0.1698,0.1654,0.1742
target,study,STEM,Dyadic interaction,Target,0.2245,0.1875,0.1874,0.1824,0.1925
target,study,STEM,Dyadic interaction,Interactant,0.2449,0.1696,0.1697,0.1653,0.1741
target,study,STEM,Dyadic interaction,Target,0.2449,0.1871,0.187,0.1822,0.1922
target,study,STEM,Dyadic interaction,Interactant,0.2653,0.1695,0.1696,0.165,0.1738
target,study,STEM,Dyadic interaction,Target,0.2653,0.1865,0.1864,0.1819,0.1915
target,study,STEM,Dyadic interaction,Interactant,0.2857,0.1692,0.1693,0.165,0.1734
target,study,STEM,Dyadic interaction,Target,0.2857,0.186,0.1859,0.1813,0.1908
target,study,STEM,Dyadic interaction,Interactant,0.3061,0.169,0.1692,0.1646,0.1731
target,study,STEM,Dyadic interaction,Target,0.3061,0.1855,0.1854,0.1811,0.1902
target,study,STEM,Dyadic interaction,Interactant,0.3265,0.1687,0.1689,0.1643,0.1726
target,study,STEM,Dyadic interaction,Target,0.3265,0.1851,0.1851,0.1806,0.1896
target,study,STEM,Dyadic interaction,Interactant,0.3469,0.1686,0.1688,0.1639,0.1725
target,study,STEM,Dyadic interaction,Target,0.3469,0.1848,0.1848,0.1802,0.1895
target,study,STEM,Dyadic interaction,Interactant,0.3673,0.1685,0.1687,0.1639,0.1725
target,study,STEM,Dyadic interaction,Target,0.3673,0.1846,0.1846,0.1799,0.1893
target,study,STEM,Dyadic interaction,Interactant,0.3878,0.1686,0.1686,0.1639,0.1728
target,study,STEM,Dyadic interaction,Target,0.3878,0.1843,0.1844,0.1795,0.1888
target,study,STEM,Dyadic interaction,Interactant,0.4082,0.1687,0.1688,0.1643,0.1731
target,study,STEM,Dyadic interaction,Target,0.4082,0.1839,0.184,0.1792,0.1885
target,study,STEM,Dyadic interaction,Interactant,0.4286,0.169,0.1692,0.1645,0.1734
target,study,STEM,Dyadic interaction,Target,0.4286,0.1834,0.1835,0.1788,0.188
target,study,STEM,Dyadic interaction,Interactant,0.449,0.1694,0.1695,0.1649,0.1739
target,study,STEM,Dyadic interaction,Target,0.449,0.1829,0.183,0.1781,0.1875
target,study,STEM,Dyadic interaction,Interactant,0.4694,0.1699,0.17,0.1655,0.1745
target,study,STEM,Dyadic interaction,Target,0.4694,0.1823,0.1824,0.1776,0.1869
target,study,STEM,Dyadic interaction,Interactant,0.4898,0.1705,0.1705,0.1659,0.1749
target,study,STEM,Dyadic interaction,Target,0.4898,0.1819,0.1819,0.1773,0.1867
target,study,STEM,Dyadic interaction,Interactant,0.5102,0.1711,0.1709,0.1668,0.1753
target,study,STEM,Dyadic interaction,Target,0.5102,0.1816,0.1818,0.1767,0.1866
target,study,STEM,Dyadic interaction,Interactant,0.5306,0.1717,0.1715,0.1675,0.1758
target,study,STEM,Dyadic interaction,Target,0.5306,0.1817,0.1817,0.1768,0.1867
target,study,STEM,Dyadic interaction,Interactant,0.551,0.1722,0.1721,0.168,0.1765
target,study,STEM,Dyadic interaction,Target,0.551,0.1823,0.1823,0.1772,0.1874
target,study,STEM,Dyadic interaction,Interactant,0.5714,0.1727,0.1726,0.1681,0.1772
target,study,STEM,Dyadic interaction,Target,0.5714,0.1833,0.1833,0.178,0.1883
target,study,STEM,Dyadic interaction,Interactant,0.5918,0.1731,0.173,0.1684,0.1778
target,study,STEM,Dyadic interaction,Target,0.5918,0.1848,0.1849,0.1793,0.19
target,study,STEM,Dyadic interaction,Interactant,0.6122,0.1735,0.1733,0.1688,0.1784
target,study,STEM,Dyadic interaction,Target,0.6122,0.1866,0.1868,0.181,0.1919
target,study,STEM,Dyadic interaction,Interactant,0.6327,0.1737,0.1735,0.169,0.1787
target,study,STEM,Dyadic interaction,Target,0.6327,0.1888,0.1888,0.1832,0.1937
target,study,STEM,Dyadic interaction,Interactant,0.6531,0.1739,0.1736,0.1692,0.1788
target,study,STEM,Dyadic interaction,Target,0.6531,0.1909,0.191,0.1851,0.1965
target,study,STEM,Dyadic interaction,Interactant,0.6735,0.174,0.1737,0.169,0.1791
target,study,STEM,Dyadic interaction,Target,0.6735,0.193,0.1929,0.1871,0.1985
target,study,STEM,Dyadic interaction,Interactant,0.6939,0.174,0.1738,0.1689,0.1791
target,study,STEM,Dyadic interaction,Target,0.6939,0.1947,0.1947,0.1886,0.2006
target,study,STEM,Dyadic interaction,Interactant,0.7143,0.1739,0.1738,0.1689,0.179
target,study,STEM,Dyadic interaction,Target,0.7143,0.1959,0.196,0.1895,0.2019
target,study,STEM,Dyadic interaction,Interactant,0.7347,0.1738,0.1736,0.1689,0.1789
target,study,STEM,Dyadic interaction,Target,0.7347,0.1966,0.1965,0.1902,0.2024
target,study,STEM,Dyadic interaction,Interactant,0.7551,0.1736,0.1733,0.1687,0.1787
target,study,STEM,Dyadic interaction,Target,0.7551,0.1967,0.1967,0.1905,0.2028
target,study,STEM,Dyadic interaction,Interactant,0.7755,0.1734,0.173,0.1684,0.1786
target,study,STEM,Dyadic interaction,Target,0.7755,0.1963,0.1965,0.1899,0.2022
target,study,STEM,Dyadic interaction,Interactant,0.7959,0.1732,0.1729,0.1683,0.1782
target,study,STEM,Dyadic interaction,Target,0.7959,0.1955,0.1957,0.1891,0.2018
target,study,STEM,Dyadic interaction,Interactant,0.8163,0.1729,0.1726,0.168,0.178
target,study,STEM,Dyadic interaction,Target,0.8163,0.1946,0.1948,0.188,0.2014
target,study,STEM,Dyadic interaction,Interactant,0.8367,0.1727,0.1724,0.1675,0.1782
target,study,STEM,Dyadic interaction,Target,0.8367,0.1937,0.1938,0.1861,0.201
target,study,STEM,Dyadic interaction,Interactant,0.8571,0.1725,0.1721,0.1671,0.1783
target,study,STEM,Dyadic interaction,Target,0.8571,0.1931,0.1932,0.1856,0.2002
target,study,STEM,Dyadic interaction,Interactant,0.8776,0.1722,0.1719,0.1667,0.1782
target,study,STEM,Dyadic interaction,Target,0.8776,0.193,0.1929,0.185,0.2006
target,study,STEM,Dyadic interaction,Interactant,0.898,0.172,0.1716,0.1665,0.1781
target,study,STEM,Dyadic interaction,Target,0.898,0.1933,0.1936,0.1844,0.2021
target,study,STEM,Dyadic interaction,Interactant,0.9184,0.1719,0.1713,0.1661,0.178
target,study,STEM,Dyadic interaction,Target,0.9184,0.1942,0.1942,0.1843,0.2045
target,study,STEM,Dyadic interaction,Interactant,0.9388,0.1717,0.1712,0.1658,0.178
target,study,STEM,Dyadic interaction,Target,0.9388,0.1955,0.1951,0.1846,0.207
target,study,STEM,Dyadic interaction,Interactant,0.9592,0.1716,0.1711,0.1655,0.178
target,study,STEM,Dyadic interaction,Target,0.9592,0.1971,0.1965,0.1844,0.2098
target,study,STEM,Dyadic interaction,Interactant,0.9796,0.1715,0.1711,0.1651,0.1782
target,study,STEM,Dyadic interaction,Target,0.9796,0.1986,0.1977,0.1841,0.2144
target,study,STEM,Dyadic interaction,Interactant,1.0,0.1714,0.1711,0.1652,0.1782
target,study,STEM,Dyadic interaction,Target,1.0,0.2,0.1985,0.1832,0.219
target,study,Round-Robin (In Person),Dyadic interaction,Interactant,0.0,0.0699,0.0697,0.0605,0.0802
target,study,Round-Robin (In Person),Dyadic interaction,Target,0.0,0.1201,0.1199,0.118,0.122
target,study,Round-Robin (In Person),Dyadic interaction,Interactant,0.0204,0.072,0.0719,0.0651,0.0796
target,study,Round-Robin (In Person),Dyadic interaction,Target,0.0204,0.1201,0.1199,0.1182,0.1222
target,study,Round-Robin (In Person),Dyadic interaction,Interactant,0.0408,0.0753,0.0752,0.0702,0.0805
target,study,Round-Robin (In Person),Dyadic interaction,Target,0.0408,0.1201,0.12,0.1182,0.1223
target,study,Round-Robin (In Person),Dyadic interaction,Interactant,0.0612,0.0796,0.0796,0.0759,0.0835
target,study,Round-Robin (In Person),Dyadic interaction,Target,0.0612,0.1201,0.12,0.1183,0.1222
target,study,Round-Robin (In Person),Dyadic interaction,Interactant,0.0816,0.0845,0.0845,0.0815,0.0875
target,study,Round-Robin (In Person),Dyadic interaction,Target,0.0816,0.1201,0.12,0.1183,0.122
target,study,Round-Robin (In Person),Dyadic interaction,Interactant,0.102,0.0898,0.0898,0.0872,0.0924
target,study,Round-Robin (In Person),Dyadic interaction,Target,0.102,0.1201,0.1199,0.1183,0.1219
target,study,Round-Robin (In Person),Dyadic interaction,Interactant,0.1224,0.0951,0.0951,0.0928,0.0975
target,study,Round-Robin (In Person),Dyadic interaction,Target,0.1224,0.1201,0.1199,0.1184,0.1219
target,study,Round-Robin (In Person),Dyadic interaction,Interactant,0.1429,0.1002,0.1001,0.0977,0.1026
target,study,Round-Robin (In Person),Dyadic interaction,Target,0.1429,0.12,0.1199,0.1185,0.1218
target,study,Round-Robin (In Person),Dyadic interaction,Interactant,0.1633,0.1047,0.1046,0.1022,0.1072
target,study,Round-Robin (In Person),Dyadic interaction,Target,0.1633,0.12,0.1198,0.1185,0.1217
target,study,Round-Robin (In Person),Dyadic interaction,Interactant,0.1837,0.1085,0.1085,0.1059,0.111
target,study,Round-Robin (In Person),Dyadic interaction,Target,0.1837,0.1199,0.1199,0.1185,0.1217
target,study,Round-Robin (In Person),Dyadic interaction,Interactant,0.2041,0.1115,0.1115,0.109,0.114
target,study,Round-Robin (In Person),Dyadic interaction,Target,0.2041,0.1199,0.1199,0.1184,0.1216
target,study,Round-Robin (In Person),Dyadic interaction,Interactant,0.2245,0.1138,0.1137,0.1113,0.1161
target,study,Round-Robin (In Person),Dyadic interaction,Target,0.2245,0.1199,0.1199,0.1184,0.1216
target,study,Round-Robin (In Person),Dyadic interaction,Interactant,0.2449,0.1152,0.1152,0.1129,0.1175
target,study,Round-Robin (In Person),Dyadic interaction,Target,0.2449,0.1199,0.1199,0.1184,0.1216
target,study,Round-Robin (In Person),Dyadic interaction,Interactant,0.2653,0.1161,0.1161,0.1138,0.1183
target,study,Round-Robin (In Person),Dyadic interaction,Target,0.2653,0.1199,0.1199,0.1184,0.1217
target,study,Round-Robin (In Person),Dyadic interaction,Interactant,0.2857,0.1164,0.1164,0.1142,0.1185
target,study,Round-Robin (In Person),Dyadic interaction,Target,0.2857,0.1199,0.1199,0.1183,0.1216
target,study,Round-Robin (In Person),Dyadic interaction,Interactant,0.3061,0.1165,0.1165,0.1144,0.1185
target,study,Round-Robin (In Person),Dyadic interaction,Target,0.3061,0.1199,0.1198,0.1184,0.1216
target,study,Round-Robin (In Person),Dyadic interaction,Interactant,0.3265,0.1164,0.1164,0.1143,0.1183
target,study,Round-Robin (In Person),Dyadic interaction,Target,0.3265,0.1199,0.1198,0.1184,0.1216
target,study,Round-Robin (In Person),Dyadic interaction,Interactant,0.3469,0.1162,0.1162,0.1141,0.1183
target,study,Round-Robin (In Person),Dyadic interaction,Target,0.3469,0.1199,0.1198,0.1183,0.1216
target,study,Round-Robin (In Person),Dyadic interaction,Interactant,0.3673,0.1161,0.1161,0.114,0.1183
target,study,Round-Robin (In Person),Dyadic interaction,Target,0.3673,0.1198,0.1198,0.1182,0.1214
target,study,Round-Robin (In Person),Dyadic interaction,Interactant,0.3878,0.1162,0.1161,0.114,0.1183
target,study,Round-Robin (In Person),Dyadic interaction,Target,0.3878,0.1197,0.1197,0.1181,0.1213
target,study,Round-Robin (In Person),Dyadic interaction,Interactant,0.4082,0.1163,0.1163,0.1141,0.1185
target,study,Round-Robin (In Person),Dyadic interaction,Target,0.4082,0.1196,0.1196,0.118,0.1212
target,study,Round-Robin (In Person),Dyadic interaction,Interactant,0.4286,0.1164,0.1164,0.1143,0.1187
target,study,Round-Robin (In Person),Dyadic interaction,Target,0.4286,0.1196,0.1196,0.1179,0.1212
target,study,Round-Robin (In Person),Dyadic interaction,Interactant,0.449,0.1166,0.1166,0.1143,0.1188
target,study,Round-Robin (In Person),Dyadic interaction,Target,0.449,0.1195,0.1196,0.1178,0.1211
target,study,Round-Robin (In Person),Dyadic interaction,Interactant,0.4694,0.1168,0.1168,0.1145,0.119
target,study,Round-Robin (In Person),Dyadic interaction,Target,0.4694,0.1194,0.1195,0.1177,0.121
target,study,Round-Robin (In Person),Dyadic interaction,Interactant,0.4898,0.1169,0.1169,0.1146,0.1191
target,study,Round-Robin (In Person),Dyadic interaction,Target,0.4898,0.1193,0.1194,0.1176,0.121
target,study,Round-Robin (In Person),Dyadic interaction,Interactant,0.5102,0.1169,0.1169,0.1146,0.1191
target,study,Round-Robin (In Person),Dyadic interaction,Target,0.5102,0.1193,0.1193,0.1176,0.1209
target,study,Round-Robin (In Person),Dyadic interaction,Interactant,0.5306,0.1168,0.1169,0.1147,0.1189
target,study,Round-Robin (In Person),Dyadic interaction,Target,0.5306,0.1193,0.1193,0.1176,0.121
target,study,Round-Robin (In Person),Dyadic interaction,Interactant,0.551,0.1166,0.1167,0.1146,0.1186
target,study,Round-Robin (In Person),Dyadic interaction,Target,0.551,0.1193,0.1193,0.1177,0.1209
target,study,Round-Robin (In Person),Dyadic interaction,Interactant,0.5714,0.1165,0.1165,0.1144,0.1184
target,study,Round-Robin (In Person),Dyadic interaction,Target,0.5714,0.1193,0.1193,0.1177,0.121
target,study,Round-Robin (In Person),Dyadic interaction,Interactant,0.5918,0.1163,0.1164,0.1142,0.1183
target,study,Round-Robin (In Person),Dyadic interaction,Target,0.5918,0.1194,0.1193,0.1178,0.121
target,study,Round-Robin (In Person),Dyadic interaction,Interactant,0.6122,0.1163,0.1163,0.1142,0.1183
target,study,Round-Robin (In Person),Dyadic interaction,Target,0.6122,0.1194,0.1194,0.1178,0.121
target,study,Round-Robin (In Person),Dyadic interaction,Interactant,0.6327,0.1164,0.1163,0.1142,0.1184
target,study,Round-Robin (In Person),Dyadic interaction,Target,0.6327,0.1195,0.1194,0.1179,0.1211
target,study,Round-Robin (In Person),Dyadic interaction,Interactant,0.6531,0.1166,0.1166,0.1144,0.1187
target,study,Round-Robin (In Person),Dyadic interaction,Target,0.6531,0.1195,0.1195,0.1179,0.121
target,study,Round-Robin (In Person),Dyadic interaction,Interactant,0.6735,0.1169,0.1169,0.1148,0.119
target,study,Round-Robin (In Person),Dyadic interaction,Target,0.6735,0.1195,0.1195,0.1179,0.121
target,study,Round-Robin (In Person),Dyadic interaction,Interactant,0.6939,0.1173,0.1172,0.1151,0.1194
target,study,Round-Robin (In Person),Dyadic interaction,Target,0.6939,0.1195,0.1195,0.118,0.121
target,study,Round-Robin (In Person),Dyadic interaction,Interactant,0.7143,0.1176,0.1177,0.1155,0.1198
target,study,Round-Robin (In Person),Dyadic interaction,Target,0.7143,0.1195,0.1195,0.118,0.121
target,study,Round-Robin (In Person),Dyadic interaction,Interactant,0.7347,0.118,0.118,0.1158,0.1201
target,study,Round-Robin (In Person),Dyadic interaction,Target,0.7347,0.1195,0.1195,0.1179,0.121
target,study,Round-Robin (In Person),Dyadic interaction,Interactant,0.7551,0.1182,0.1181,0.116,0.1204
target,study,Round-Robin (In Person),Dyadic interaction,Target,0.7551,0.1195,0.1195,0.1179,0.121
target,study,Round-Robin (In Person),Dyadic interaction,Interactant,0.7755,0.1182,0.1182,0.116,0.1204
target,study,Round-Robin (In Person),Dyadic interaction,Target,0.7755,0.1195,0.1195,0.118,0.121
target,study,Round-Robin (In Person),Dyadic interaction,Interactant,0.7959,0.118,0.118,0.1159,0.1202
target,study,Round-Robin (In Person),Dyadic interaction,Target,0.7959,0.1195,0.1195,0.1179,0.1211
target,study,Round-Robin (In Person),Dyadic interaction,Interactant,0.8163,0.1176,0.1177,0.1156,0.1198
target,study,Round-Robin (In Person),Dyadic interaction,Target,0.8163,0.1195,0.1195,0.1179,0.1211
target,study,Round-Robin (In Person),Dyadic interaction,Interactant,0.8367,0.1171,0.1172,0.1151,0.1191
target,study,Round-Robin (In Person),Dyadic interaction,Target,0.8367,0.1196,0.1196,0.118,0.1211
target,study,Round-Robin (In Person),Dyadic interaction,Interactant,0.8571,0.1166,0.1166,0.1146,0.1186
target,study,Round-Robin (In Person),Dyadic interaction,Target,0.8571,0.1196,0.1196,0.118,0.1212
target,study,Round-Robin (In Person),Dyadic interaction,Interactant,0.8776,0.1162,0.1162,0.1143,0.1183
target,study,Round-Robin (In Person),Dyadic interaction,Target,0.8776,0.1197,0.1197,0.1182,0.1213
target,study,Round-Robin (In Person),Dyadic interaction,Interactant,0.898,0.116,0.1159,0.114,0.1181
target,study,Round-Robin (In Person),Dyadic interaction,Target,0.898,0.1198,0.1198,0.1183,0.1214
target,study,Round-Robin (In Person),Dyadic interaction,Interactant,0.9184,0.1161,0.116,0.114,0.1183
target,study,Round-Robin (In Person),Dyadic interaction,Target,0.9184,0.1199,0.1199,0.1184,0.1216
target,study,Round-Robin (In Person),Dyadic interaction,Interactant,0.9388,0.1166,0.1165,0.1146,0.1189
target,study,Round-Robin (In Person),Dyadic interaction,Target,0.9388,0.12,0.1199,0.1185,0.1217
target,study,Round-Robin (In Person),Dyadic interaction,Interactant,0.9592,0.1176,0.1175,0.1155,0.1197
target,study,Round-Robin (In Person),Dyadic interaction,Target,0.9592,0.1201,0.12,0.1185,0.1218
target,study,Round-Robin (In Person),Dyadic interaction,Interactant,0.9796,0.1189,0.1189,0.1167,0.1212
target,study,Round-Robin (In Person),Dyadic interaction,Target,0.9796,0.1201,0.12,0.1185,0.1219
target,study,Round-Robin (In Person),Dyadic interaction,Interactant,1.0,0.1206,0.1206,0.118,0.1233
target,study,Round-Robin (In Person),Dyadic interaction,Target,1.0,0.1202,0.12,0.1185,0.122
target,study,Negotiation,Dyadic interaction,Interactant,0.0,0.1333,0.133,0.1112,0.155
target,study,Negotiation,Dyadic interaction,Target,0.0,0.1398,0.1403,0.1128,0.1661
target,study,Negotiation,Dyadic interaction,Interactant,0.0204,0.1328,0.1326,0.1132,0.1521
target,study,Negotiation,Dyadic interaction,Target,0.0204,0.1392,0.1395,0.1144,0.1631
target,study,Negotiation,Dyadic interaction,Interactant,0.0408,0.1324,0.1325,0.1141,0.15
target,study,Negotiation,Dyadic interaction,Target,0.0408,0.1388,0.1389,0.1165,0.1598
target,study,Negotiation,Dyadic interaction,Interactant,0.0612,0.1321,0.1324,0.1163,0.1487
target,study,Negotiation,Dyadic interaction,Target,0.0612,0.1386,0.1386,0.1191,0.1585
target,study,Negotiation,Dyadic interaction,Interactant,0.0816,0.132,0.1326,0.1178,0.1476
target,study,Negotiation,Dyadic interaction,Target,0.0816,0.1385,0.1385,0.1205,0.155
target,study,Negotiation,Dyadic interaction,Interactant,0.102,0.132,0.1327,0.1183,0.1465
target,study,Negotiation,Dyadic interaction,Target,0.102,0.1384,0.1386,0.122,0.1539
target,study,Negotiation,Dyadic interaction,Interactant,0.1224,0.132,0.1325,0.1191,0.1454
target,study,Negotiation,Dyadic interaction,Target,0.1224,0.1386,0.1388,0.1235,0.1532
target,study,Negotiation,Dyadic interaction,Interactant,0.1429,0.1322,0.1324,0.1195,0.1442
target,study,Negotiation,Dyadic interaction,Target,0.1429,0.1389,0.1395,0.1246,0.1525
target,study,Negotiation,Dyadic interaction,Interactant,0.1633,0.1324,0.1328,0.1202,0.1443
target,study,Negotiation,Dyadic interaction,Target,0.1633,0.1393,0.1399,0.1256,0.1525
target,study,Negotiation,Dyadic interaction,Interactant,0.1837,0.1327,0.1331,0.121,0.144
target,study,Negotiation,Dyadic interaction,Target,0.1837,0.1401,0.1406,0.1269,0.1523
target,study,Negotiation,Dyadic interaction,Interactant,0.2041,0.1331,0.1336,0.1215,0.1441
target,study,Negotiation,Dyadic interaction,Target,0.2041,0.141,0.1417,0.1287,0.153
target,study,Negotiation,Dyadic interaction,Interactant,0.2245,0.1336,0.134,0.1213,0.1446
target,study,Negotiation,Dyadic interaction,Target,0.2245,0.1422,0.1429,0.1305,0.1543
target,study,Negotiation,Dyadic interaction,Interactant,0.2449,0.1342,0.1346,0.1222,0.1452
target,study,Negotiation,Dyadic interaction,Target,0.2449,0.1436,0.1442,0.1316,0.1556
target,study,Negotiation,Dyadic interaction,Interactant,0.2653,0.1349,0.1353,0.1231,0.1458
target,study,Negotiation,Dyadic interaction,Target,0.2653,0.1452,0.1456,0.1334,0.1573
target,study,Negotiation,Dyadic interaction,Interactant,0.2857,0.1357,0.1361,0.1244,0.1466
target,study,Negotiation,Dyadic interaction,Target,0.2857,0.1469,0.1472,0.1349,0.1594
target,study,Negotiation,Dyadic interaction,Interactant,0.3061,0.1366,0.137,0.1248,0.1471
target,study,Negotiation,Dyadic interaction,Target,0.3061,0.1487,0.1488,0.1364,0.1611
target,study,Negotiation,Dyadic interaction,Interactant,0.3265,0.1377,0.1381,0.1259,0.1486
target,study,Negotiation,Dyadic interaction,Target,0.3265,0.1504,0.1504,0.1378,0.1629
target,study,Negotiation,Dyadic interaction,Interactant,0.3469,0.1389,0.1396,0.1271,0.1498
target,study,Negotiation,Dyadic interaction,Target,0.3469,0.152,0.152,0.1388,0.1645
target,study,Negotiation,Dyadic interaction,Interactant,0.3673,0.1402,0.1409,0.1282,0.1512
target,study,Negotiation,Dyadic interaction,Target,0.3673,0.1533,0.1534,0.1399,0.1665
target,study,Negotiation,Dyadic interaction,Interactant,0.3878,0.1417,0.1424,0.1303,0.1524
target,study,Negotiation,Dyadic interaction,Target,0.3878,0.1544,0.1544,0.1409,0.1679
target,study,Negotiation,Dyadic interaction,Interactant,0.4082,0.1433,0.1438,0.1326,0.1535
target,study,Negotiation,Dyadic interaction,Target,0.4082,0.1551,0.1551,0.1417,0.1679
target,study,Negotiation,Dyadic interaction,Interactant,0.4286,0.145,0.1452,0.1343,0.1551
target,study,Negotiation,Dyadic interaction,Target,0.4286,0.1556,0.1554,0.1426,0.1678
target,study,Negotiation,Dyadic interaction,Interactant,0.449,0.1468,0.1471,0.1362,0.1571
target,study,Negotiation,Dyadic interaction,Target,0.449,0.1558,0.1561,0.1432,0.1673
target,study,Negotiation,Dyadic interaction,Interactant,0.4694,0.1488,0.1492,0.1383,0.1594
target,study,Negotiation,Dyadic interaction,Target,0.4694,0.1559,0.1565,0.1441,0.1671
target,study,Negotiation,Dyadic interaction,Interactant,0.4898,0.1509,0.1508,0.1404,0.1616
target,study,Negotiation,Dyadic interaction,Target,0.4898,0.1558,0.1562,0.1444,0.1667
target,study,Negotiation,Dyadic interaction,Interactant,0.5102,0.153,0.153,0.1425,0.1634
target,study,Negotiation,Dyadic interaction,Target,0.5102,0.1559,0.1562,0.1438,0.1666
target,study,Negotiation,Dyadic interaction,Interactant,0.5306,0.1553,0.1555,0.1448,0.1655
target,study,Negotiation,Dyadic interaction,Target,0.5306,0.1561,0.1561,0.1439,0.1672
target,study,Negotiation,Dyadic interaction,Interactant,0.551,0.1576,0.1579,0.147,0.1678
target,study,Negotiation,Dyadic interaction,Target,0.551,0.1565,0.1572,0.1443,0.1681
target,study,Negotiation,Dyadic interaction,Interactant,0.5714,0.16,0.1603,0.1491,0.1699
target,study,Negotiation,Dyadic interaction,Target,0.5714,0.1573,0.1576,0.1449,0.1689
target,study,Negotiation,Dyadic interaction,Interactant,0.5918,0.1624,0.163,0.1513,0.1723
target,study,Negotiation,Dyadic interaction,Target,0.5918,0.1585,0.1588,0.1463,0.1696
target,study,Negotiation,Dyadic interaction,Interactant,0.6122,0.1648,0.165,0.1538,0.1747
target,study,Negotiation,Dyadic interaction,Target,0.6122,0.1601,0.1604,0.1483,0.1713
target,study,Negotiation,Dyadic interaction,Interactant,0.6327,0.1672,0.1674,0.1558,0.1776
target,study,Negotiation,Dyadic interaction,Target,0.6327,0.1621,0.1622,0.1504,0.1734
target,study,Negotiation,Dyadic interaction,Interactant,0.6531,0.1696,0.1701,0.1584,0.1805
target,study,Negotiation,Dyadic interaction,Target,0.6531,0.1644,0.1645,0.1527,0.1761
target,study,Negotiation,Dyadic interaction,Interactant,0.6735,0.1719,0.172,0.1602,0.1834
target,study,Negotiation,Dyadic interaction,Target,0.6735,0.1671,0.167,0.1561,0.1788
target,study,Negotiation,Dyadic interaction,Interactant,0.6939,0.1743,0.1742,0.1625,0.1856
target,study,Negotiation,Dyadic interaction,Target,0.6939,0.1701,0.17,0.1587,0.1817
target,study,Negotiation,Dyadic interaction,Interactant,0.7143,0.1766,0.1764,0.1651,0.1877
target,study,Negotiation,Dyadic interaction,Target,0.7143,0.1732,0.1732,0.1617,0.185
target,study,Negotiation,Dyadic interaction,Interactant,0.7347,0.1789,0.1786,0.1674,0.1901
target,study,Negotiation,Dyadic interaction,Target,0.7347,0.1765,0.1763,0.1654,0.1881
target,study,Negotiation,Dyadic interaction,Interactant,0.7551,0.1812,0.1809,0.1697,0.1925
target,study,Negotiation,Dyadic interaction,Target,0.7551,0.1798,0.1801,0.1686,0.1909
target,study,Negotiation,Dyadic interaction,Interactant,0.7755,0.1836,0.1833,0.1725,0.1949
target,study,Negotiation,Dyadic interaction,Target,0.7755,0.1833,0.1836,0.1721,0.1938
target,study,Negotiation,Dyadic interaction,Interactant,0.7959,0.1861,0.1861,0.1748,0.1973
target,study,Negotiation,Dyadic interaction,Target,0.7959,0.1869,0.1872,0.1751,0.1971
target,study,Negotiation,Dyadic interaction,Interactant,0.8163,0.1888,0.189,0.1779,0.1998
target,study,Negotiation,Dyadic interaction,Target,0.8163,0.1907,0.1908,0.1787,0.2016
target,study,Negotiation,Dyadic interaction,Interactant,0.8367,0.1915,0.1919,0.1803,0.2026
target,study,Negotiation,Dyadic interaction,Target,0.8367,0.1945,0.1947,0.1825,0.2061
target,study,Negotiation,Dyadic interaction,Interactant,0.8571,0.1944,0.1945,0.1831,0.2053
target,study,Negotiation,Dyadic interaction,Target,0.8571,0.1985,0.1984,0.1866,0.2102
target,study,Negotiation,Dyadic interaction,Interactant,0.8776,0.1974,0.1974,0.1859,0.2083
target,study,Negotiation,Dyadic interaction,Target,0.8776,0.2026,0.2024,0.1907,0.2148
target,study,Negotiation,Dyadic interaction,Interactant,0.898,0.2004,0.2005,0.1895,0.2111
target,study,Negotiation,Dyadic interaction,Target,0.898,0.2068,0.2072,0.1946,0.2187
target,study,Negotiation,Dyadic interaction,Interactant,0.9184,0.2035,0.2035,0.1926,0.2146
target,study,Negotiation,Dyadic interaction,Target,0.9184,0.211,0.2111,0.1984,0.223
target,study,Negotiation,Dyadic interaction,Interactant,0.9388,0.2064,0.2065,0.1957,0.2177
target,study,Negotiation,Dyadic interaction,Target,0.9388,0.2151,0.2157,0.2021,0.2273
target,study,Negotiation,Dyadic interaction,Interactant,0.9592,0.2092,0.2093,0.1983,0.2208
target,study,Negotiation,Dyadic interaction,Target,0.9592,0.219,0.2195,0.2054,0.2322
target,study,Negotiation,Dyadic interaction,Interactant,0.9796,0.2118,0.2115,0.1995,0.2236
target,study,Negotiation,Dyadic interaction,Target,0.9796,0.2225,0.2232,0.2082,0.2369
target,study,Negotiation,Dyadic interaction,Interactant,1.0,0.214,0.2137,0.2009,0.227
target,study,Negotiation,Dyadic interaction,Target,1.0,0.2256,0.226,0.2095,0.2413
perceiver,pooled,All studies,All,Interactant,0.0,0.1018,0.1018,0.0748,0.1288
perceiver,pooled,All studies,All,Interactant,0.0204,0.111,0.111,0.0864,0.1356
perceiver,pooled,All studies,All,Interactant,0.0408,0.1199,0.1199,0.0963,0.1435
perceiver,pooled,All studies,All,Interactant,0.0612,0.1196,0.1196,0.0989,0.1403
perceiver,pooled,All studies,All,Interactant,0.0816,0.1182,0.1182,0.1003,0.136
perceiver,pooled,All studies,All,Interactant,0.102,0.1169,0.1169,0.1019,0.1319
perceiver,pooled,All studies,All,Interactant,0.1224,0.1157,0.1157,0.103,0.1284
perceiver,pooled,All studies,All,Interactant,0.1429,0.1156,0.1156,0.1046,0.1267
perceiver,pooled,All studies,All,Interactant,0.1633,0.1166,0.1166,0.1065,0.1267
perceiver,pooled,All studies,All,Interactant,0.1837,0.1181,0.1181,0.1086,0.1277
perceiver,pooled,All studies,All,Interactant,0.2041,0.1196,0.1196,0.1105,0.1288
perceiver,pooled,All studies,All,Interactant,0.2245,0.121,0.121,0.1122,0.1299
perceiver,pooled,All studies,All,Interactant,0.2449,0.1225,0.1225,0.1138,0.1312
perceiver,pooled,All studies,All,Interactant,0.2653,0.1241,0.1241,0.1153,0.1329
perceiver,pooled,All studies,All,Interactant,0.2857,0.1259,0.1259,0.1169,0.1349
perceiver,pooled,All studies,All,Interactant,0.3061,0.1272,0.1272,0.118,0.1364
perceiver,pooled,All studies,All,Interactant,0.3265,0.1277,0.1277,0.1186,0.1369
perceiver,pooled,All studies,All,Interactant,0.3469,0.1276,0.1276,0.1186,0.1365
perceiver,pooled,All studies,All,Interactant,0.3673,0.1271,0.1271,0.1183,0.1359
perceiver,pooled,All studies,All,Interactant,0.3878,0.1265,0.1265,0.1177,0.1352
perceiver,pooled,All studies,All,Interactant,0.4082,0.1257,0.1257,0.117,0.1344
perceiver,pooled,All studies,All,Interactant,0.4286,0.1254,0.1254,0.1166,0.1342
perceiver,pooled,All studies,All,Interactant,0.449,0.1259,0.1259,0.1168,0.1349
perceiver,pooled,All studies,All,Interactant,0.4694,0.1275,0.1275,0.1179,0.1371
perceiver,pooled,All studies,All,Interactant,0.4898,0.1308,0.1308,0.1203,0.1412
perceiver,pooled,All studies,All,Interactant,0.5102,0.1361,0.1361,0.1247,0.1475
perceiver,pooled,All studies,All,Interactant,0.5306,0.1389,0.1389,0.1267,0.1512
perceiver,pooled,All studies,All,Interactant,0.551,0.1307,0.1307,0.12,0.1414
perceiver,pooled,All studies,All,Interactant,0.5714,0.1261,0.1261,0.1158,0.1364
perceiver,pooled,All studies,All,Interactant,0.5918,0.1249,0.1249,0.1145,0.1353
perceiver,pooled,All studies,All,Interactant,0.6122,0.1236,0.1236,0.1134,0.1338
perceiver,pooled,All studies,All,Interactant,0.6327,0.1218,0.1218,0.1123,0.1313
perceiver,pooled,All studies,All,Interactant,0.6531,0.1203,0.1203,0.1116,0.1291
perceiver,pooled,All studies,All,Interactant,0.6735,0.1198,0.1198,0.1116,0.128
perceiver,pooled,All studies,All,Interactant,0.6939,0.1216,0.1216,0.1131,0.13
perceiver,pooled,All studies,All,Interactant,0.7143,0.1325,0.1325,0.1215,0.1435
perceiver,pooled,All studies,All,Interactant,0.7347,0.1309,0.1309,0.1203,0.1414
perceiver,pooled,All studies,All,Interactant,0.7551,0.1249,0.1249,0.1156,0.1342
perceiver,pooled,All studies,All,Interactant,0.7755,0.1239,0.1239,0.1146,0.1333
perceiver,pooled,All studies,All,Interactant,0.7959,0.1277,0.1277,0.1171,0.1383
perceiver,pooled,All studies,All,Interactant,0.8163,0.1319,0.1319,0.1199,0.1438
perceiver,pooled,All studies,All,Interactant,0.8367,0.1367,0.1367,0.1234,0.1499
perceiver,pooled,All studies,All,Interactant,0.8571,0.1435,0.1435,0.1287,0.1583
perceiver,pooled,All studies,All,Interactant,0.8776,0.1468,0.1468,0.1302,0.1635
perceiver,pooled,All studies,All,Interactant,0.898,0.1429,0.1429,0.1258,0.1601
perceiver,pooled,All studies,All,Interactant,0.9184,0.1427,0.1427,0.125,0.1603
perceiver,pooled,All studies,All,Interactant,0.9388,0.1353,0.1353,0.1196,0.151
perceiver,pooled,All studies,All,Interactant,0.9592,0.1372,0.1372,0.1204,0.1539
perceiver,pooled,All studies,All,Interactant,0.9796,0.1463,0.1463,0.1259,0.1667
perceiver,pooled,All studies,All,Interactant,1.0,0.1378,0.1378,0.1196,0.156
perceiver,pooled,All studies,All,Target,0.0,0.1211,0.1211,0.1133,0.1288
perceiver,pooled,All studies,All,Target,0.0204,0.1256,0.1256,0.1175,0.1337
perceiver,pooled,All studies,All,Target,0.0408,0.1288,0.1288,0.12,0.1376
perceiver,pooled,All studies,All,Target,0.0612,0.128,0.128,0.1194,0.1366
perceiver,pooled,All studies,All,Target,0.0816,0.1258,0.1258,0.1171,0.1345
perceiver,pooled,All studies,All,Target,0.102,0.1245,0.1245,0.1158,0.1332
perceiver,pooled,All studies,All,Target,0.1224,0.1232,0.1232,0.1147,0.1317
perceiver,pooled,All studies,All,Target,0.1429,0.1222,0.1222,0.1138,0.1305
perceiver,pooled,All studies,All,Target,0.1633,0.1216,0.1216,0.1134,0.1297
perceiver,pooled,All studies,All,Target,0.1837,0.1215,0.1215,0.1135,0.1295
perceiver,pooled,All studies,All,Target,0.2041,0.1219,0.1219,0.114,0.1298
perceiver,pooled,All studies,All,Target,0.2245,0.1224,0.1224,0.1146,0.1302
perceiver,pooled,All studies,All,Target,0.2449,0.1221,0.1221,0.1144,0.1298
perceiver,pooled,All studies,All,Target,0.2653,0.1214,0.1214,0.1138,0.1289
perceiver,pooled,All studies,All,Target,0.2857,0.1208,0.1208,0.1134,0.1282
perceiver,pooled,All studies,All,Target,0.3061,0.1206,0.1206,0.1132,0.128
perceiver,pooled,All studies,All,Target,0.3265,0.1206,0.1206,0.1132,0.1281
perceiver,pooled,All studies,All,Target,0.3469,0.1208,0.1208,0.1132,0.1284
perceiver,pooled,All studies,All,Target,0.3673,0.121,0.121,0.1133,0.1287
perceiver,pooled,All studies,All,Target,0.3878,0.1213,0.1213,0.1135,0.1292
perceiver,pooled,All studies,All,Target,0.4082,0.122,0.122,0.114,0.1299
perceiver,pooled,All studies,All,Target,0.4286,0.1236,0.1236,0.1153,0.1318
perceiver,pooled,All studies,All,Target,0.449,0.1265,0.1265,0.1178,0.1353
perceiver,pooled,All studies,All,Target,0.4694,0.1292,0.1292,0.12,0.1385
perceiver,pooled,All studies,All,Target,0.4898,0.1297,0.1297,0.1204,0.139
perceiver,pooled,All studies,All,Target,0.5102,0.1287,0.1287,0.1197,0.1378
perceiver,pooled,All studies,All,Target,0.5306,0.1285,0.1285,0.1194,0.1376
perceiver,pooled,All studies,All,Target,0.551,0.1294,0.1294,0.1201,0.1386
perceiver,pooled,All studies,All,Target,0.5714,0.1305,0.1305,0.1209,0.14
perceiver,pooled,All studies,All,Target,0.5918,0.1312,0.1312,0.1215,0.1409
perceiver,pooled,All studies,All,Target,0.6122,0.1311,0.1311,0.1214,0.1409
perceiver,pooled,All studies,All,Target,0.6327,0.1303,0.1303,0.1207,0.1399
perceiver,pooled,All studies,All,Target,0.6531,0.1289,0.1289,0.1195,0.1382
perceiver,pooled,All studies,All,Target,0.6735,0.1273,0.1273,0.1181,0.1364
perceiver,pooled,All studies,All,Target,0.6939,0.1258,0.1258,0.1169,0.1347
perceiver,pooled,All studies,All,Target,0.7143,0.1247,0.1247,0.1159,0.1334
perceiver,pooled,All studies,All,Target,0.7347,0.1237,0.1237,0.1151,0.1323
perceiver,pooled,All studies,All,Target,0.7551,0.1231,0.1231,0.1146,0.1316
perceiver,pooled,All studies,All,Target,0.7755,0.1232,0.1232,0.1146,0.1317
perceiver,pooled,All studies,All,Target,0.7959,0.124,0.124,0.1152,0.1328
perceiver,pooled,All studies,All,Target,0.8163,0.1259,0.1259,0.1167,0.1351
perceiver,pooled,All studies,All,Target,0.8367,0.1294,0.1294,0.1195,0.1393
perceiver,pooled,All studies,All,Target,0.8571,0.1351,0.1351,0.1243,0.146
perceiver,pooled,All studies,All,Target,0.8776,0.1438,0.1438,0.1311,0.1564
perceiver,pooled,All studies,All,Target,0.898,0.1498,0.1498,0.1346,0.165
perceiver,pooled,All studies,All,Target,0.9184,0.1507,0.1507,0.1358,0.1655
perceiver,pooled,All studies,All,Target,0.9388,0.1506,0.1506,0.1359,0.1653
perceiver,pooled,All studies,All,Target,0.9592,0.1504,0.1504,0.1358,0.1651
perceiver,pooled,All studies,All,Target,0.9796,0.1487,0.1487,0.1342,0.1631
perceiver,pooled,All studies,All,Target,1.0,0.1434,0.1434,0.1292,0.1576
perceiver,paradigm,Dyadic interaction,Dyadic interaction,Interactant,0.0,0.098,0.098,0.0714,0.1247
perceiver,paradigm,Dyadic interaction,Dyadic interaction,Interactant,0.0204,0.1048,0.1048,0.0804,0.1292
perceiver,paradigm,Dyadic interaction,Dyadic interaction,Interactant,0.0408,0.1123,0.1123,0.0881,0.1366
perceiver,paradigm,Dyadic interaction,Dyadic interaction,Interactant,0.0612,0.1159,0.1159,0.0926,0.1392
perceiver,paradigm,Dyadic interaction,Dyadic interaction,Interactant,0.0816,0.1171,0.1171,0.0966,0.1375
perceiver,paradigm,Dyadic interaction,Dyadic interaction,Interactant,0.102,0.1166,0.1166,0.0995,0.1337
perceiver,paradigm,Dyadic interaction,Dyadic interaction,Interactant,0.1224,0.1157,0.1157,0.1014,0.13
perceiver,paradigm,Dyadic interaction,Dyadic interaction,Interactant,0.1429,0.1156,0.1156,0.1033,0.1279
perceiver,paradigm,Dyadic interaction,Dyadic interaction,Interactant,0.1633,0.1161,0.1161,0.1053,0.127
perceiver,paradigm,Dyadic interaction,Dyadic interaction,Interactant,0.1837,0.1171,0.1171,0.1073,0.1268
perceiver,paradigm,Dyadic interaction,Dyadic interaction,Interactant,0.2041,0.1181,0.1181,0.1091,0.1272
perceiver,paradigm,Dyadic interaction,Dyadic interaction,Interactant,0.2245,0.1194,0.1194,0.1107,0.1281
perceiver,paradigm,Dyadic interaction,Dyadic interaction,Interactant,0.2449,0.1209,0.1209,0.1122,0.1295
perceiver,paradigm,Dyadic interaction,Dyadic interaction,Interactant,0.2653,0.1226,0.1226,0.1138,0.1315
perceiver,paradigm,Dyadic interaction,Dyadic interaction,Interactant,0.2857,0.1243,0.1243,0.1151,0.1335
perceiver,paradigm,Dyadic interaction,Dyadic interaction,Interactant,0.3061,0.1253,0.1253,0.1159,0.1347
perceiver,paradigm,Dyadic interaction,Dyadic interaction,Interactant,0.3265,0.1249,0.1249,0.1156,0.1341
perceiver,paradigm,Dyadic interaction,Dyadic interaction,Interactant,0.3469,0.1235,0.1235,0.1147,0.1324
perceiver,paradigm,Dyadic interaction,Dyadic interaction,Interactant,0.3673,0.1222,0.1222,0.1138,0.1306
perceiver,paradigm,Dyadic interaction,Dyadic interaction,Interactant,0.3878,0.1213,0.1213,0.1133,0.1294
perceiver,paradigm,Dyadic interaction,Dyadic interaction,Interactant,0.4082,0.1208,0.1208,0.113,0.1286
perceiver,paradigm,Dyadic interaction,Dyadic interaction,Interactant,0.4286,0.1207,0.1207,0.1129,0.1285
perceiver,paradigm,Dyadic interaction,Dyadic interaction,Interactant,0.449,0.1209,0.1209,0.1129,0.129
perceiver,paradigm,Dyadic interaction,Dyadic interaction,Interactant,0.4694,0.1217,0.1217,0.1131,0.1302
perceiver,paradigm,Dyadic interaction,Dyadic interaction,Interactant,0.4898,0.1232,0.1232,0.1139,0.1326
perceiver,paradigm,Dyadic interaction,Dyadic interaction,Interactant,0.5102,0.1273,0.1273,0.1165,0.1381
perceiver,paradigm,Dyadic interaction,Dyadic interaction,Interactant,0.5306,0.132,0.132,0.1195,0.1445
perceiver,paradigm,Dyadic interaction,Dyadic interaction,Interactant,0.551,0.1244,0.1244,0.1142,0.1346
perceiver,paradigm,Dyadic interaction,Dyadic interaction,Interactant,0.5714,0.1206,0.1206,0.1114,0.1299
perceiver,paradigm,Dyadic interaction,Dyadic interaction,Interactant,0.5918,0.1195,0.1195,0.1106,0.1284
perceiver,paradigm,Dyadic interaction,Dyadic interaction,Interactant,0.6122,0.1188,0.1188,0.1103,0.1273
perceiver,paradigm,Dyadic interaction,Dyadic interaction,Interactant,0.6327,0.1182,0.1182,0.1102,0.1261
perceiver,paradigm,Dyadic interaction,Dyadic interaction,Interactant,0.6531,0.1177,0.1177,0.1103,0.1251
perceiver,paradigm,Dyadic interaction,Dyadic interaction,Interactant,0.6735,0.1176,0.1176,0.1106,0.1247
perceiver,paradigm,Dyadic interaction,Dyadic interaction,Interactant,0.6939,0.1191,0.1191,0.1115,0.1267
perceiver,paradigm,Dyadic interaction,Dyadic interaction,Interactant,0.7143,0.1289,0.1289,0.1181,0.1397
perceiver,paradigm,Dyadic interaction,Dyadic interaction,Interactant,0.7347,0.1253,0.1253,0.1152,0.1354
perceiver,paradigm,Dyadic interaction,Dyadic interaction,Interactant,0.7551,0.1202,0.1202,0.1114,0.129
perceiver,paradigm,Dyadic interaction,Dyadic interaction,Interactant,0.7755,0.1188,0.1188,0.1103,0.1274
perceiver,paradigm,Dyadic interaction,Dyadic interaction,Interactant,0.7959,0.1186,0.1186,0.1097,0.1275
perceiver,paradigm,Dyadic interaction,Dyadic interaction,Interactant,0.8163,0.1194,0.1194,0.1097,0.1291
perceiver,paradigm,Dyadic interaction,Dyadic interaction,Interactant,0.8367,0.1227,0.1227,0.1114,0.134
perceiver,paradigm,Dyadic interaction,Dyadic interaction,Interactant,0.8571,0.1307,0.1307,0.1166,0.1448
perceiver,paradigm,Dyadic interaction,Dyadic interaction,Interactant,0.8776,0.1342,0.1342,0.1177,0.1506
perceiver,paradigm,Dyadic interaction,Dyadic interaction,Interactant,0.898,0.1339,0.1339,0.117,0.1508
perceiver,paradigm,Dyadic interaction,Dyadic interaction,Interactant,0.9184,0.135,0.135,0.1175,0.1524
perceiver,paradigm,Dyadic interaction,Dyadic interaction,Interactant,0.9388,0.1243,0.1243,0.1105,0.1381
perceiver,paradigm,Dyadic interaction,Dyadic interaction,Interactant,0.9592,0.1189,0.1189,0.1077,0.1301
perceiver,paradigm,Dyadic interaction,Dyadic interaction,Interactant,0.9796,0.1185,0.1185,0.1083,0.1287
perceiver,paradigm,Dyadic interaction,Dyadic interaction,Interactant,1.0,0.1193,0.1193,0.1093,0.1292
perceiver,paradigm,Dyadic interaction,Dyadic interaction,Target,0.0,0.1172,0.1172,0.1102,0.1242
perceiver,paradigm,Dyadic interaction,Dyadic interaction,Target,0.0204,0.1206,0.1206,0.1132,0.128
perceiver,paradigm,Dyadic interaction,Dyadic interaction,Target,0.0408,0.1235,0.1235,0.1153,0.1317
perceiver,paradigm,Dyadic interaction,Dyadic interaction,Target,0.0612,0.1229,0.1229,0.115,0.1309
perceiver,paradigm,Dyadic interaction,Dyadic interaction,Target,0.0816,0.1211,0.1211,0.1129,0.1292
perceiver,paradigm,Dyadic interaction,Dyadic interaction,Target,0.102,0.1206,0.1206,0.1123,0.1289
perceiver,paradigm,Dyadic interaction,Dyadic interaction,Target,0.1224,0.1202,0.1202,0.1119,0.1285
perceiver,paradigm,Dyadic interaction,Dyadic interaction,Target,0.1429,0.1199,0.1199,0.1117,0.1281
perceiver,paradigm,Dyadic interaction,Dyadic interaction,Target,0.1633,0.1199,0.1199,0.1118,0.128
perceiver,paradigm,Dyadic interaction,Dyadic interaction,Target,0.1837,0.1203,0.1203,0.1122,0.1283
perceiver,paradigm,Dyadic interaction,Dyadic interaction,Target,0.2041,0.1211,0.1211,0.1131,0.1291
perceiver,paradigm,Dyadic interaction,Dyadic interaction,Target,0.2245,0.1218,0.1218,0.1138,0.1298
perceiver,paradigm,Dyadic interaction,Dyadic interaction,Target,0.2449,0.1216,0.1216,0.1138,0.1295
perceiver,paradigm,Dyadic interaction,Dyadic interaction,Target,0.2653,0.121,0.121,0.1132,0.1287
perceiver,paradigm,Dyadic interaction,Dyadic interaction,Target,0.2857,0.1204,0.1204,0.1128,0.1281
perceiver,paradigm,Dyadic interaction,Dyadic interaction,Target,0.3061,0.1202,0.1202,0.1126,0.1279
perceiver,paradigm,Dyadic interaction,Dyadic interaction,Target,0.3265,0.1202,0.1202,0.1126,0.1279
perceiver,paradigm,Dyadic interaction,Dyadic interaction,Target,0.3469,0.1204,0.1204,0.1126,0.1282
perceiver,paradigm,Dyadic interaction,Dyadic interaction,Target,0.3673,0.1205,0.1205,0.1126,0.1285
perceiver,paradigm,Dyadic interaction,Dyadic interaction,Target,0.3878,0.1208,0.1208,0.1127,0.1288
perceiver,paradigm,Dyadic interaction,Dyadic interaction,Target,0.4082,0.1212,0.1212,0.1131,0.1294
perceiver,paradigm,Dyadic interaction,Dyadic interaction,Target,0.4286,0.1226,0.1226,0.1141,0.131
perceiver,paradigm,Dyadic interaction,Dyadic interaction,Target,0.449,0.1251,0.1251,0.1162,0.134
perceiver,paradigm,Dyadic interaction,Dyadic interaction,Target,0.4694,0.1272,0.1272,0.1177,0.1366
perceiver,paradigm,Dyadic interaction,Dyadic interaction,Target,0.4898,0.1266,0.1266,0.1172,0.1359
perceiver,paradigm,Dyadic interaction,Dyadic interaction,Target,0.5102,0.1239,0.1239,0.1151,0.1327
perceiver,paradigm,Dyadic interaction,Dyadic interaction,Target,0.5306,0.1215,0.1215,0.1132,0.1298
perceiver,paradigm,Dyadic interaction,Dyadic interaction,Target,0.551,0.1202,0.1202,0.1122,0.1282
perceiver,paradigm,Dyadic interaction,Dyadic interaction,Target,0.5714,0.1194,0.1194,0.1116,0.1272
perceiver,paradigm,Dyadic interaction,Dyadic interaction,Target,0.5918,0.1189,0.1189,0.1113,0.1264
perceiver,paradigm,Dyadic interaction,Dyadic interaction,Target,0.6122,0.1185,0.1185,0.1111,0.1258
perceiver,paradigm,Dyadic interaction,Dyadic interaction,Target,0.6327,0.1181,0.1181,0.1109,0.1254
perceiver,paradigm,Dyadic interaction,Dyadic interaction,Target,0.6531,0.1179,0.1179,0.1107,0.1251
perceiver,paradigm,Dyadic interaction,Dyadic interaction,Target,0.6735,0.1178,0.1178,0.1106,0.1249
perceiver,paradigm,Dyadic interaction,Dyadic interaction,Target,0.6939,0.1177,0.1177,0.1106,0.1248
perceiver,paradigm,Dyadic interaction,Dyadic interaction,Target,0.7143,0.1176,0.1176,0.1105,0.1247
perceiver,paradigm,Dyadic interaction,Dyadic interaction,Target,0.7347,0.1173,0.1173,0.1103,0.1243
perceiver,paradigm,Dyadic interaction,Dyadic interaction,Target,0.7551,0.117,0.117,0.1101,0.1238
perceiver,paradigm,Dyadic interaction,Dyadic interaction,Target,0.7755,0.1167,0.1167,0.11,0.1234
perceiver,paradigm,Dyadic interaction,Dyadic interaction,Target,0.7959,0.1167,0.1167,0.11,0.1233
perceiver,paradigm,Dyadic interaction,Dyadic interaction,Target,0.8163,0.1168,0.1168,0.1102,0.1233
perceiver,paradigm,Dyadic interaction,Dyadic interaction,Target,0.8367,0.1172,0.1172,0.1105,0.1239
perceiver,paradigm,Dyadic interaction,Dyadic interaction,Target,0.8571,0.119,0.119,0.1117,0.1264
perceiver,paradigm,Dyadic interaction,Dyadic interaction,Target,0.8776,0.1278,0.1278,0.1178,0.1378
perceiver,paradigm,Dyadic interaction,Dyadic interaction,Target,0.898,0.1362,0.1362,0.1227,0.1497
perceiver,paradigm,Dyadic interaction,Dyadic interaction,Target,0.9184,0.1325,0.1325,0.1208,0.1441
perceiver,paradigm,Dyadic interaction,Dyadic interaction,Target,0.9388,0.1292,0.1292,0.1183,0.1401
perceiver,paradigm,Dyadic interaction,Dyadic interaction,Target,0.9592,0.1282,0.1282,0.1174,0.1391
perceiver,paradigm,Dyadic interaction,Dyadic interaction,Target,0.9796,0.125,0.125,0.1147,0.1353
perceiver,paradigm,Dyadic interaction,Dyadic interaction,Target,1.0,0.1195,0.1195,0.1109,0.1281
perceiver,paradigm,Standard stimulus,Standard stimulus,Interactant,0.0,0.1462,0.1462,-0.024,0.3164
perceiver,paradigm,Standard stimulus,Standard stimulus,Interactant,0.0204,0.1451,0.1451,0.031,0.2592
perceiver,paradigm,Standard stimulus,Standard stimulus,Interactant,0.0408,0.1418,0.1418,0.0729,0.2107
perceiver,paradigm,Standard stimulus,Standard stimulus,Interactant,0.0612,0.1333,0.1333,0.0949,0.1717
perceiver,paradigm,Standard stimulus,Standard stimulus,Interactant,0.0816,0.122,0.122,0.0893,0.1548
perceiver,paradigm,Standard stimulus,Standard stimulus,Interactant,0.102,0.1194,0.1194,0.0863,0.1524
perceiver,paradigm,Standard stimulus,Standard stimulus,Interactant,0.1224,0.1182,0.1182,0.0832,0.1532
perceiver,paradigm,Standard stimulus,Standard stimulus,Interactant,0.1429,0.1198,0.1198,0.0826,0.157
perceiver,paradigm,Standard stimulus,Standard stimulus,Interactant,0.1633,0.1257,0.1257,0.0883,0.1631
perceiver,paradigm,Standard stimulus,Standard stimulus,Interactant,0.1837,0.1316,0.1316,0.0885,0.1747
perceiver,paradigm,Standard stimulus,Standard stimulus,Interactant,0.2041,0.1348,0.1348,0.087,0.1827
perceiver,paradigm,Standard stimulus,Standard stimulus,Interactant,0.2245,0.1365,0.1365,0.087,0.186
perceiver,paradigm,Standard stimulus,Standard stimulus,Interactant,0.2449,0.1374,0.1374,0.0891,0.1856
perceiver,paradigm,Standard stimulus,Standard stimulus,Interactant,0.2653,0.1381,0.1381,0.0928,0.1833
perceiver,paradigm,Standard stimulus,Standard stimulus,Interactant,0.2857,0.1392,0.1392,0.0975,0.1809
perceiver,paradigm,Standard stimulus,Standard stimulus,Interactant,0.3061,0.1416,0.1416,0.103,0.1802
perceiver,paradigm,Standard stimulus,Standard stimulus,Interactant,0.3265,0.1456,0.1456,0.109,0.1822
perceiver,paradigm,Standard stimulus,Standard stimulus,Interactant,0.3469,0.1508,0.1508,0.1152,0.1864
perceiver,paradigm,Standard stimulus,Standard stimulus,Interactant,0.3673,0.1563,0.1563,0.1213,0.1913
perceiver,paradigm,Standard stimulus,Standard stimulus,Interactant,0.3878,0.1613,0.1613,0.1276,0.195
perceiver,paradigm,Standard stimulus,Standard stimulus,Interactant,0.4082,0.1655,0.1655,0.1346,0.1964
perceiver,paradigm,Standard stimulus,Standard stimulus,Interactant,0.4286,0.1703,0.1703,0.1396,0.2011
perceiver,paradigm,Standard stimulus,Standard stimulus,Interactant,0.449,0.1747,0.1747,0.1422,0.2072
perceiver,paradigm,Standard stimulus,Standard stimulus,Interactant,0.4694,0.1759,0.1759,0.1445,0.2073
perceiver,paradigm,Standard stimulus,Standard stimulus,Interactant,0.4898,0.1735,0.1735,0.1458,0.2011
perceiver,paradigm,Standard stimulus,Standard stimulus,Interactant,0.5102,0.1677,0.1677,0.1449,0.1905
perceiver,paradigm,Standard stimulus,Standard stimulus,Interactant,0.5306,0.1607,0.1607,0.1402,0.1813
perceiver,paradigm,Standard stimulus,Standard stimulus,Interactant,0.551,0.1584,0.1584,0.1322,0.1845
perceiver,paradigm,Standard stimulus,Standard stimulus,Interactant,0.5714,0.1598,0.1598,0.1254,0.1941
perceiver,paradigm,Standard stimulus,Standard stimulus,Interactant,0.5918,0.1624,0.1624,0.118,0.2067
perceiver,paradigm,Standard stimulus,Standard stimulus,Interactant,0.6122,0.1651,0.1651,0.1085,0.2216
perceiver,paradigm,Standard stimulus,Standard stimulus,Interactant,0.6327,0.1675,0.1675,0.0991,0.2359
perceiver,paradigm,Standard stimulus,Standard stimulus,Interactant,0.6531,0.1695,0.1695,0.0932,0.2459
perceiver,paradigm,Standard stimulus,Standard stimulus,Interactant,0.6735,0.1712,0.1712,0.0941,0.2484
perceiver,paradigm,Standard stimulus,Standard stimulus,Interactant,0.6939,0.1726,0.1726,0.1033,0.242
perceiver,paradigm,Standard stimulus,Standard stimulus,Interactant,0.7143,0.1738,0.1738,0.1213,0.2264
perceiver,paradigm,Standard stimulus,Standard stimulus,Interactant,0.7347,0.1725,0.1725,0.1402,0.2048
perceiver,paradigm,Standard stimulus,Standard stimulus,Interactant,0.7551,0.1623,0.1623,0.1333,0.1914
perceiver,paradigm,Standard stimulus,Standard stimulus,Interactant,0.7755,0.1634,0.1634,0.135,0.1918
perceiver,paradigm,Standard stimulus,Standard stimulus,Interactant,0.7959,0.1733,0.1733,0.1482,0.1984
perceiver,paradigm,Standard stimulus,Standard stimulus,Interactant,0.8163,0.1765,0.1765,0.1451,0.2079
perceiver,paradigm,Standard stimulus,Standard stimulus,Interactant,0.8367,0.1772,0.1772,0.1457,0.2087
perceiver,paradigm,Standard stimulus,Standard stimulus,Interactant,0.8571,0.1779,0.1779,0.155,0.2008
perceiver,paradigm,Standard stimulus,Standard stimulus,Interactant,0.8776,0.1862,0.1862,0.1595,0.2128
perceiver,paradigm,Standard stimulus,Standard stimulus,Interactant,0.898,0.1878,0.1878,0.1517,0.2239
perceiver,paradigm,Standard stimulus,Standard stimulus,Interactant,0.9184,0.1874,0.1874,0.1468,0.228
perceiver,paradigm,Standard stimulus,Standard stimulus,Interactant,0.9388,0.1905,0.1905,0.1518,0.2293
perceiver,paradigm,Standard stimulus,Standard stimulus,Interactant,0.9592,0.1992,0.1992,0.1688,0.2297
perceiver,paradigm,Standard stimulus,Standard stimulus,Interactant,0.9796,0.2146,0.2146,0.1893,0.2399
perceiver,paradigm,Standard stimulus,Standard stimulus,Interactant,1.0,0.2363,0.2363,0.1937,0.2789
perceiver,paradigm,Standard stimulus,Standard stimulus,Target,0.0,0.1426,0.1426,0.115,0.1702
perceiver,paradigm,Standard stimulus,Standard stimulus,Target,0.0204,0.1427,0.1427,0.1107,0.1747
perceiver,paradigm,Standard stimulus,Standard stimulus,Target,0.0408,0.1428,0.1428,0.1058,0.1799
perceiver,paradigm,Standard stimulus,Standard stimulus,Target,0.0612,0.1429,0.1429,0.1005,0.1853
perceiver,paradigm,Standard stimulus,Standard stimulus,Target,0.0816,0.1428,0.1428,0.0954,0.1902
perceiver,paradigm,Standard stimulus,Standard stimulus,Target,0.102,0.1425,0.1425,0.0911,0.194
perceiver,paradigm,Standard stimulus,Standard stimulus,Target,0.1224,0.1421,0.1421,0.088,0.1963
perceiver,paradigm,Standard stimulus,Standard stimulus,Target,0.1429,0.1416,0.1416,0.0865,0.1966
perceiver,paradigm,Standard stimulus,Standard stimulus,Target,0.1633,0.1409,0.1409,0.0867,0.195
perceiver,paradigm,Standard stimulus,Standard stimulus,Target,0.1837,0.14,0.14,0.0884,0.1916
perceiver,paradigm,Standard stimulus,Standard stimulus,Target,0.2041,0.1389,0.1389,0.0911,0.1868
perceiver,paradigm,Standard stimulus,Standard stimulus,Target,0.2245,0.1376,0.1376,0.0943,0.1809
perceiver,paradigm,Standard stimulus,Standard stimulus,Target,0.2449,0.1359,0.1359,0.096,0.1757
perceiver,paradigm,Standard stimulus,Standard stimulus,Target,0.2653,0.1342,0.1342,0.0946,0.1737
perceiver,paradigm,Standard stimulus,Standard stimulus,Target,0.2857,0.1335,0.1335,0.0942,0.1729
perceiver,paradigm,Standard stimulus,Standard stimulus,Target,0.3061,0.1337,0.1337,0.0942,0.1731
perceiver,paradigm,Standard stimulus,Standard stimulus,Target,0.3265,0.1342,0.1342,0.0942,0.1742
perceiver,paradigm,Standard stimulus,Standard stimulus,Target,0.3469,0.1352,0.1352,0.0946,0.1759
perceiver,paradigm,Standard stimulus,Standard stimulus,Target,0.3673,0.1367,0.1367,0.0957,0.1777
perceiver,paradigm,Standard stimulus,Standard stimulus,Target,0.3878,0.1387,0.1387,0.0981,0.1794
perceiver,paradigm,Standard stimulus,Standard stimulus,Target,0.4082,0.1414,0.1414,0.1021,0.1808
perceiver,paradigm,Standard stimulus,Standard stimulus,Target,0.4286,0.1447,0.1447,0.1076,0.1817
perceiver,paradigm,Standard stimulus,Standard stimulus,Target,0.449,0.1483,0.1483,0.1144,0.1822
perceiver,paradigm,Standard stimulus,Standard stimulus,Target,0.4694,0.1521,0.1521,0.1218,0.1823
perceiver,paradigm,Standard stimulus,Standard stimulus,Target,0.4898,0.1548,0.1548,0.1258,0.1837
perceiver,paradigm,Standard stimulus,Standard stimulus,Target,0.5102,0.1566,0.1566,0.1274,0.1857
perceiver,paradigm,Standard stimulus,Standard stimulus,Target,0.5306,0.1584,0.1584,0.1294,0.1874
perceiver,paradigm,Standard stimulus,Standard stimulus,Target,0.551,0.1602,0.1602,0.1316,0.1888
perceiver,paradigm,Standard stimulus,Standard stimulus,Target,0.5714,0.1621,0.1621,0.1338,0.1903
perceiver,paradigm,Standard stimulus,Standard stimulus,Target,0.5918,0.1638,0.1638,0.1355,0.192
perceiver,paradigm,Standard stimulus,Standard stimulus,Target,0.6122,0.1652,0.1652,0.1365,0.1939
perceiver,paradigm,Standard stimulus,Standard stimulus,Target,0.6327,0.1665,0.1665,0.1371,0.196
perceiver,paradigm,Standard stimulus,Standard stimulus,Target,0.6531,0.1678,0.1678,0.1375,0.1981
perceiver,paradigm,Standard stimulus,Standard stimulus,Target,0.6735,0.1692,0.1692,0.1385,0.2
perceiver,paradigm,Standard stimulus,Standard stimulus,Target,0.6939,0.1709,0.1709,0.1406,0.2012
perceiver,paradigm,Standard stimulus,Standard stimulus,Target,0.7143,0.173,0.173,0.1445,0.2014
perceiver,paradigm,Standard stimulus,Standard stimulus,Target,0.7347,0.175,0.175,0.1492,0.2007
perceiver,paradigm,Standard stimulus,Standard stimulus,Target,0.7551,0.1755,0.1755,0.1494,0.2015
perceiver,paradigm,Standard stimulus,Standard stimulus,Target,0.7755,0.1762,0.1762,0.1507,0.2018
perceiver,paradigm,Standard stimulus,Standard stimulus,Target,0.7959,0.1774,0.1774,0.1532,0.2015
perceiver,paradigm,Standard stimulus,Standard stimulus,Target,0.8163,0.1789,0.1789,0.1568,0.2011
perceiver,paradigm,Standard stimulus,Standard stimulus,Target,0.8367,0.1809,0.1809,0.1613,0.2006
perceiver,paradigm,Standard stimulus,Standard stimulus,Target,0.8571,0.1834,0.1834,0.1663,0.2005
perceiver,paradigm,Standard stimulus,Standard stimulus,Target,0.8776,0.1862,0.1862,0.1713,0.2012
perceiver,paradigm,Standard stimulus,Standard stimulus,Target,0.898,0.1894,0.1894,0.1757,0.2031
perceiver,paradigm,Standard stimulus,Standard stimulus,Target,0.9184,0.1928,0.1928,0.1791,0.2065
perceiver,paradigm,Standard stimulus,Standard stimulus,Target,0.9388,0.1962,0.1962,0.1814,0.2111
perceiver,paradigm,Standard stimulus,Standard stimulus,Target,0.9592,0.1996,0.1996,0.1828,0.2163
perceiver,paradigm,Standard stimulus,Standard stimulus,Target,0.9796,0.2026,0.2026,0.1836,0.2215
perceiver,paradigm,Standard stimulus,Standard stimulus,Target,1.0,0.205,0.205,0.1838,0.2263
target,pooled,All studies,All,Interactant,0.0,0.1233,0.1233,0.087,0.1596
target,pooled,All studies,All,Interactant,0.0204,0.1237,0.1237,0.0859,0.1614
target,pooled,All studies,All,Interactant,0.0408,0.1245,0.1245,0.0862,0.1627
target,pooled,All studies,All,Interactant,0.0612,0.1257,0.1257,0.0882,0.1632
target,pooled,All studies,All,Interactant,0.0816,0.1272,0.1272,0.0918,0.1627
target,pooled,All studies,All,Interactant,0.102,0.129,0.129,0.0967,0.1612
target,pooled,All studies,All,Interactant,0.1224,0.1307,0.1307,0.102,0.1595
target,pooled,All studies,All,Interactant,0.1429,0.1325,0.1325,0.1068,0.1581
target,pooled,All studies,All,Interactant,0.1633,0.1341,0.1341,0.1108,0.1573
target,pooled,All studies,All,Interactant,0.1837,0.1355,0.1355,0.1139,0.157
target,pooled,All studies,All,Interactant,0.2041,0.1366,0.1366,0.1162,0.1569
target,pooled,All studies,All,Interactant,0.2245,0.1374,0.1374,0.1179,0.1569
target,pooled,All studies,All,Interactant,0.2449,0.138,0.138,0.1192,0.1569
target,pooled,All studies,All,Interactant,0.2653,0.1384,0.1384,0.12,0.1568
target,pooled,All studies,All,Interactant,0.2857,0.1387,0.1387,0.1206,0.1567
target,pooled,All studies,All,Interactant,0.3061,0.1388,0.1388,0.121,0.1566
target,pooled,All studies,All,Interactant,0.3265,0.139,0.139,0.1213,0.1567
target,pooled,All studies,All,Interactant,0.3469,0.1392,0.1392,0.1215,0.1569
target,pooled,All studies,All,Interactant,0.3673,0.1395,0.1395,0.1218,0.1572
target,pooled,All studies,All,Interactant,0.3878,0.1399,0.1399,0.1222,0.1576
target,pooled,All studies,All,Interactant,0.4082,0.1404,0.1404,0.1227,0.1582
target,pooled,All studies,All,Interactant,0.4286,0.1411,0.1411,0.1232,0.1589
target,pooled,All studies,All,Interactant,0.449,0.1418,0.1418,0.1238,0.1599
target,pooled,All studies,All,Interactant,0.4694,0.1427,0.1427,0.1242,0.1611
target,pooled,All studies,All,Interactant,0.4898,0.1435,0.1435,0.1246,0.1624
target,pooled,All studies,All,Interactant,0.5102,0.1443,0.1443,0.125,0.1637
target,pooled,All studies,All,Interactant,0.5306,0.1451,0.1451,0.1254,0.1648
target,pooled,All studies,All,Interactant,0.551,0.1459,0.1459,0.1259,0.1658
target,pooled,All studies,All,Interactant,0.5714,0.1465,0.1465,0.1265,0.1666
target,pooled,All studies,All,Interactant,0.5918,0.1471,0.1471,0.1271,0.1672
target,pooled,All studies,All,Interactant,0.6122,0.1477,0.1477,0.1278,0.1676
target,pooled,All studies,All,Interactant,0.6327,0.1482,0.1482,0.1284,0.1679
target,pooled,All studies,All,Interactant,0.6531,0.1486,0.1486,0.1291,0.1682
target,pooled,All studies,All,Interactant,0.6735,0.149,0.149,0.1297,0.1684
target,pooled,All studies,All,Interactant,0.6939,0.1494,0.1494,0.1304,0.1685
target,pooled,All studies,All,Interactant,0.7143,0.1498,0.1498,0.131,0.1686
target,pooled,All studies,All,Interactant,0.7347,0.1502,0.1502,0.1315,0.1688
target,pooled,All studies,All,Interactant,0.7551,0.1505,0.1505,0.132,0.169
target,pooled,All studies,All,Interactant,0.7755,0.1508,0.1508,0.1324,0.1693
target,pooled,All studies,All,Interactant,0.7959,0.1512,0.1512,0.1328,0.1696
target,pooled,All studies,All,Interactant,0.8163,0.1516,0.1516,0.1331,0.17
target,pooled,All studies,All,Interactant,0.8367,0.152,0.152,0.1335,0.1705
target,pooled,All studies,All,Interactant,0.8571,0.1526,0.1526,0.1339,0.1713
target,pooled,All studies,All,Interactant,0.8776,0.1533,0.1533,0.1343,0.1723
target,pooled,All studies,All,Interactant,0.898,0.1541,0.1541,0.1348,0.1735
target,pooled,All studies,All,Interactant,0.9184,0.155,0.155,0.1355,0.1746
target,pooled,All studies,All,Interactant,0.9388,0.156,0.156,0.1365,0.1754
target,pooled,All studies,All,Interactant,0.9592,0.1569,0.1569,0.1378,0.1759
target,pooled,All studies,All,Interactant,0.9796,0.1577,0.1577,0.1388,0.1766
target,pooled,All studies,All,Interactant,1.0,0.1585,0.1585,0.1393,0.1777
target,pooled,All studies,All,Target,0.0,0.1362,0.1362,0.1226,0.1498
target,pooled,All studies,All,Target,0.0204,0.138,0.138,0.1234,0.1525
target,pooled,All studies,All,Target,0.0408,0.1396,0.1396,0.1234,0.1558
target,pooled,All studies,All,Target,0.0612,0.141,0.141,0.1229,0.1591
target,pooled,All studies,All,Target,0.0816,0.1422,0.1422,0.1229,0.1616
target,pooled,All studies,All,Target,0.102,0.1433,0.1433,0.1234,0.1632
target,pooled,All studies,All,Target,0.1224,0.1441,0.1441,0.1241,0.1642
target,pooled,All studies,All,Target,0.1429,0.1448,0.1448,0.1246,0.165
target,pooled,All studies,All,Target,0.1633,0.1454,0.1454,0.1248,0.1659
target,pooled,All studies,All,Target,0.1837,0.1457,0.1457,0.1249,0.1666
target,pooled,All studies,All,Target,0.2041,0.146,0.146,0.1249,0.1671
target,pooled,All studies,All,Target,0.2245,0.1463,0.1463,0.1253,0.1673
target,pooled,All studies,All,Target,0.2449,0.1465,0.1465,0.1258,0.1672
target,pooled,All studies,All,Target,0.2653,0.1468,0.1468,0.1264,0.1671
target,pooled,All studies,All,Target,0.2857,0.147,0.147,0.127,0.1671
target,pooled,All studies,All,Target,0.3061,0.1474,0.1474,0.1274,0.1673
target,pooled,All studies,All,Target,0.3265,0.1477,0.1477,0.1277,0.1676
target,pooled,All studies,All,Target,0.3469,0.148,0.148,0.128,0.1679
target,pooled,All studies,All,Target,0.3673,0.1482,0.1482,0.1282,0.1681
target,pooled,All studies,All,Target,0.3878,0.1483,0.1483,0.1284,0.1682
target,pooled,All studies,All,Target,0.4082,0.1483,0.1483,0.1285,0.1682
target,pooled,All studies,All,Target,0.4286,0.1483,0.1483,0.1286,0.168
target,pooled,All studies,All,Target,0.449,0.1482,0.1482,0.1286,0.1678
target,pooled,All studies,All,Target,0.4694,0.148,0.148,0.1286,0.1675
target,pooled,All studies,All,Target,0.4898,0.1479,0.1479,0.1288,0.167
target,pooled,All studies,All,Target,0.5102,0.1479,0.1479,0.1291,0.1666
target,pooled,All studies,All,Target,0.5306,0.148,0.148,0.1294,0.1665
target,pooled,All studies,All,Target,0.551,0.1482,0.1482,0.1297,0.1668
target,pooled,All studies,All,Target,0.5714,0.1488,0.1488,0.13,0.1675
target,pooled,All studies,All,Target,0.5918,0.1495,0.1495,0.1304,0.1686
target,pooled,All studies,All,Target,0.6122,0.1504,0.1504,0.1309,0.1699
target,pooled,All studies,All,Target,0.6327,0.1514,0.1514,0.1317,0.1711
target,pooled,All studies,All,Target,0.6531,0.1524,0.1524,0.1327,0.1722
target,pooled,All studies,All,Target,0.6735,0.1534,0.1534,0.1338,0.173
target,pooled,All studies,All,Target,0.6939,0.1544,0.1544,0.1349,0.1739
target,pooled,All studies,All,Target,0.7143,0.1553,0.1553,0.1357,0.1749
target,pooled,All studies,All,Target,0.7347,0.1561,0.1561,0.1361,0.1761
target,pooled,All studies,All,Target,0.7551,0.1568,0.1568,0.1364,0.1772
target,pooled,All studies,All,Target,0.7755,0.1574,0.1574,0.1368,0.1781
target,pooled,All studies,All,Target,0.7959,0.158,0.158,0.1374,0.1785
target,pooled,All studies,All,Target,0.8163,0.1585,0.1585,0.1384,0.1787
target,pooled,All studies,All,Target,0.8367,0.1591,0.1591,0.1395,0.1787
target,pooled,All studies,All,Target,0.8571,0.1599,0.1599,0.1409,0.1788
target,pooled,All studies,All,Target,0.8776,0.1608,0.1608,0.1423,0.1793
target,pooled,All studies,All,Target,0.898,0.1619,0.1619,0.1437,0.1801
target,pooled,All studies,All,Target,0.9184,0.1631,0.1631,0.1449,0.1813
target,pooled,All studies,All,Target,0.9388,0.1644,0.1644,0.1458,0.1829
target,pooled,All studies,All,Target,0.9592,0.1655,0.1655,0.1464,0.1845
target,pooled,All studies,All,Target,0.9796,0.1661,0.1661,0.1465,0.1858
target,pooled,All studies,All,Target,1.0,0.1662,0.1662,0.146,0.1864
